date,region,metric,market_cap,gdp,value,source,note
1947-10-01,US,buffett_indicator,95.1,259.7,36.6,"FRED (fredgraph.csv): NCBEILQ027S, GDP","FRED NCBEILQ027S (Z.1 nonfinancial corp equities market value, $M) / GDP ($B nominal SAAR) x100; quarterly; Fed Z.1 market-cap-to-GDP (Buffett Indicator); long-term valuation context, not investment advice"
1948-10-01,US,buffett_indicator,94.1,280.4,33.6,"FRED (fredgraph.csv): NCBEILQ027S, GDP","FRED NCBEILQ027S (Z.1 nonfinancial corp equities market value, $M) / GDP ($B nominal SAAR) x100; quarterly; Fed Z.1 market-cap-to-GDP (Buffett Indicator); long-term valuation context, not investment advice"
1949-10-01,US,buffett_indicator,103.8,270.6,38.4,"FRED (fredgraph.csv): NCBEILQ027S, GDP","FRED NCBEILQ027S (Z.1 nonfinancial corp equities market value, $M) / GDP ($B nominal SAAR) x100; quarterly; Fed Z.1 market-cap-to-GDP (Buffett Indicator); long-term valuation context, not investment advice"
1950-10-01,US,buffett_indicator,126.7,319.9,39.6,"FRED (fredgraph.csv): NCBEILQ027S, GDP","FRED NCBEILQ027S (Z.1 nonfinancial corp equities market value, $M) / GDP ($B nominal SAAR) x100; quarterly; Fed Z.1 market-cap-to-GDP (Buffett Indicator); long-term valuation context, not investment advice"
1951-10-01,US,buffett_indicator,147.6,356.2,41.4,"FRED (fredgraph.csv): NCBEILQ027S, GDP","FRED NCBEILQ027S (Z.1 nonfinancial corp equities market value, $M) / GDP ($B nominal SAAR) x100; quarterly; Fed Z.1 market-cap-to-GDP (Buffett Indicator); long-term valuation context, not investment advice"
1952-01-01,US,buffett_indicator,151.5,359.8,42.1,"FRED (fredgraph.csv): NCBEILQ027S, GDP","FRED NCBEILQ027S (Z.1 nonfinancial corp equities market value, $M) / GDP ($B nominal SAAR) x100; quarterly; Fed Z.1 market-cap-to-GDP (Buffett Indicator); long-term valuation context, not investment advice"
1952-04-01,US,buffett_indicator,157.6,361.0,43.7,"FRED (fredgraph.csv): NCBEILQ027S, GDP","FRED NCBEILQ027S (Z.1 nonfinancial corp equities market value, $M) / GDP ($B nominal SAAR) x100; quarterly; Fed Z.1 market-cap-to-GDP (Buffett Indicator); long-term valuation context, not investment advice"
1952-07-01,US,buffett_indicator,156.9,367.7,42.7,"FRED (fredgraph.csv): NCBEILQ027S, GDP","FRED NCBEILQ027S (Z.1 nonfinancial corp equities market value, $M) / GDP ($B nominal SAAR) x100; quarterly; Fed Z.1 market-cap-to-GDP (Buffett Indicator); long-term valuation context, not investment advice"
1952-10-01,US,buffett_indicator,146.6,380.8,38.5,"FRED (fredgraph.csv): NCBEILQ027S, GDP","FRED NCBEILQ027S (Z.1 nonfinancial corp equities market value, $M) / GDP ($B nominal SAAR) x100; quarterly; Fed Z.1 market-cap-to-GDP (Buffett Indicator); long-term valuation context, not investment advice"
1953-01-01,US,buffett_indicator,143.1,388.0,36.9,"FRED (fredgraph.csv): NCBEILQ027S, GDP","FRED NCBEILQ027S (Z.1 nonfinancial corp equities market value, $M) / GDP ($B nominal SAAR) x100; quarterly; Fed Z.1 market-cap-to-GDP (Buffett Indicator); long-term valuation context, not investment advice"
1953-04-01,US,buffett_indicator,133.8,391.7,34.2,"FRED (fredgraph.csv): NCBEILQ027S, GDP","FRED NCBEILQ027S (Z.1 nonfinancial corp equities market value, $M) / GDP ($B nominal SAAR) x100; quarterly; Fed Z.1 market-cap-to-GDP (Buffett Indicator); long-term valuation context, not investment advice"
1953-07-01,US,buffett_indicator,129.3,391.2,33.0,"FRED (fredgraph.csv): NCBEILQ027S, GDP","FRED NCBEILQ027S (Z.1 nonfinancial corp equities market value, $M) / GDP ($B nominal SAAR) x100; quarterly; Fed Z.1 market-cap-to-GDP (Buffett Indicator); long-term valuation context, not investment advice"
1953-10-01,US,buffett_indicator,144.1,386.0,37.3,"FRED (fredgraph.csv): NCBEILQ027S, GDP","FRED NCBEILQ027S (Z.1 nonfinancial corp equities market value, $M) / GDP ($B nominal SAAR) x100; quarterly; Fed Z.1 market-cap-to-GDP (Buffett Indicator); long-term valuation context, not investment advice"
1954-01-01,US,buffett_indicator,156.3,385.3,40.5,"FRED (fredgraph.csv): NCBEILQ027S, GDP","FRED NCBEILQ027S (Z.1 nonfinancial corp equities market value, $M) / GDP ($B nominal SAAR) x100; quarterly; Fed Z.1 market-cap-to-GDP (Buffett Indicator); long-term valuation context, not investment advice"
1954-04-01,US,buffett_indicator,172.6,386.1,44.7,"FRED (fredgraph.csv): NCBEILQ027S, GDP","FRED NCBEILQ027S (Z.1 nonfinancial corp equities market value, $M) / GDP ($B nominal SAAR) x100; quarterly; Fed Z.1 market-cap-to-GDP (Buffett Indicator); long-term valuation context, not investment advice"
1954-07-01,US,buffett_indicator,192.0,391.0,49.1,"FRED (fredgraph.csv): NCBEILQ027S, GDP","FRED NCBEILQ027S (Z.1 nonfinancial corp equities market value, $M) / GDP ($B nominal SAAR) x100; quarterly; Fed Z.1 market-cap-to-GDP (Buffett Indicator); long-term valuation context, not investment advice"
1954-10-01,US,buffett_indicator,194.8,399.7,48.7,"FRED (fredgraph.csv): NCBEILQ027S, GDP","FRED NCBEILQ027S (Z.1 nonfinancial corp equities market value, $M) / GDP ($B nominal SAAR) x100; quarterly; Fed Z.1 market-cap-to-GDP (Buffett Indicator); long-term valuation context, not investment advice"
1955-01-01,US,buffett_indicator,202.1,413.1,48.9,"FRED (fredgraph.csv): NCBEILQ027S, GDP","FRED NCBEILQ027S (Z.1 nonfinancial corp equities market value, $M) / GDP ($B nominal SAAR) x100; quarterly; Fed Z.1 market-cap-to-GDP (Buffett Indicator); long-term valuation context, not investment advice"
1955-04-01,US,buffett_indicator,225.5,421.5,53.5,"FRED (fredgraph.csv): NCBEILQ027S, GDP","FRED NCBEILQ027S (Z.1 nonfinancial corp equities market value, $M) / GDP ($B nominal SAAR) x100; quarterly; Fed Z.1 market-cap-to-GDP (Buffett Indicator); long-term valuation context, not investment advice"
1955-07-01,US,buffett_indicator,241.0,430.2,56.0,"FRED (fredgraph.csv): NCBEILQ027S, GDP","FRED NCBEILQ027S (Z.1 nonfinancial corp equities market value, $M) / GDP ($B nominal SAAR) x100; quarterly; Fed Z.1 market-cap-to-GDP (Buffett Indicator); long-term valuation context, not investment advice"
1955-10-01,US,buffett_indicator,244.2,437.1,55.9,"FRED (fredgraph.csv): NCBEILQ027S, GDP","FRED NCBEILQ027S (Z.1 nonfinancial corp equities market value, $M) / GDP ($B nominal SAAR) x100; quarterly; Fed Z.1 market-cap-to-GDP (Buffett Indicator); long-term valuation context, not investment advice"
1956-01-01,US,buffett_indicator,262.3,439.7,59.7,"FRED (fredgraph.csv): NCBEILQ027S, GDP","FRED NCBEILQ027S (Z.1 nonfinancial corp equities market value, $M) / GDP ($B nominal SAAR) x100; quarterly; Fed Z.1 market-cap-to-GDP (Buffett Indicator); long-term valuation context, not investment advice"
1956-04-01,US,buffett_indicator,252.7,446.0,56.7,"FRED (fredgraph.csv): NCBEILQ027S, GDP","FRED NCBEILQ027S (Z.1 nonfinancial corp equities market value, $M) / GDP ($B nominal SAAR) x100; quarterly; Fed Z.1 market-cap-to-GDP (Buffett Indicator); long-term valuation context, not investment advice"
1956-07-01,US,buffett_indicator,246.8,451.2,54.7,"FRED (fredgraph.csv): NCBEILQ027S, GDP","FRED NCBEILQ027S (Z.1 nonfinancial corp equities market value, $M) / GDP ($B nominal SAAR) x100; quarterly; Fed Z.1 market-cap-to-GDP (Buffett Indicator); long-term valuation context, not investment advice"
1956-10-01,US,buffett_indicator,268.4,460.5,58.3,"FRED (fredgraph.csv): NCBEILQ027S, GDP","FRED NCBEILQ027S (Z.1 nonfinancial corp equities market value, $M) / GDP ($B nominal SAAR) x100; quarterly; Fed Z.1 market-cap-to-GDP (Buffett Indicator); long-term valuation context, not investment advice"
1957-01-01,US,buffett_indicator,254.0,469.8,54.1,"FRED (fredgraph.csv): NCBEILQ027S, GDP","FRED NCBEILQ027S (Z.1 nonfinancial corp equities market value, $M) / GDP ($B nominal SAAR) x100; quarterly; Fed Z.1 market-cap-to-GDP (Buffett Indicator); long-term valuation context, not investment advice"
1957-04-01,US,buffett_indicator,273.1,472.0,57.9,"FRED (fredgraph.csv): NCBEILQ027S, GDP","FRED NCBEILQ027S (Z.1 nonfinancial corp equities market value, $M) / GDP ($B nominal SAAR) x100; quarterly; Fed Z.1 market-cap-to-GDP (Buffett Indicator); long-term valuation context, not investment advice"
1957-07-01,US,buffett_indicator,245.4,479.5,51.2,"FRED (fredgraph.csv): NCBEILQ027S, GDP","FRED NCBEILQ027S (Z.1 nonfinancial corp equities market value, $M) / GDP ($B nominal SAAR) x100; quarterly; Fed Z.1 market-cap-to-GDP (Buffett Indicator); long-term valuation context, not investment advice"
1957-10-01,US,buffett_indicator,245.7,474.9,51.8,"FRED (fredgraph.csv): NCBEILQ027S, GDP","FRED NCBEILQ027S (Z.1 nonfinancial corp equities market value, $M) / GDP ($B nominal SAAR) x100; quarterly; Fed Z.1 market-cap-to-GDP (Buffett Indicator); long-term valuation context, not investment advice"
1958-01-01,US,buffett_indicator,261.3,467.5,55.9,"FRED (fredgraph.csv): NCBEILQ027S, GDP","FRED NCBEILQ027S (Z.1 nonfinancial corp equities market value, $M) / GDP ($B nominal SAAR) x100; quarterly; Fed Z.1 market-cap-to-GDP (Buffett Indicator); long-term valuation context, not investment advice"
1958-04-01,US,buffett_indicator,278.6,472.0,59.0,"FRED (fredgraph.csv): NCBEILQ027S, GDP","FRED NCBEILQ027S (Z.1 nonfinancial corp equities market value, $M) / GDP ($B nominal SAAR) x100; quarterly; Fed Z.1 market-cap-to-GDP (Buffett Indicator); long-term valuation context, not investment advice"
1958-07-01,US,buffett_indicator,310.5,485.8,63.9,"FRED (fredgraph.csv): NCBEILQ027S, GDP","FRED NCBEILQ027S (Z.1 nonfinancial corp equities market value, $M) / GDP ($B nominal SAAR) x100; quarterly; Fed Z.1 market-cap-to-GDP (Buffett Indicator); long-term valuation context, not investment advice"
1958-10-01,US,buffett_indicator,324.7,499.6,65.0,"FRED (fredgraph.csv): NCBEILQ027S, GDP","FRED NCBEILQ027S (Z.1 nonfinancial corp equities market value, $M) / GDP ($B nominal SAAR) x100; quarterly; Fed Z.1 market-cap-to-GDP (Buffett Indicator); long-term valuation context, not investment advice"
1959-01-01,US,buffett_indicator,332.0,510.3,65.1,"FRED (fredgraph.csv): NCBEILQ027S, GDP","FRED NCBEILQ027S (Z.1 nonfinancial corp equities market value, $M) / GDP ($B nominal SAAR) x100; quarterly; Fed Z.1 market-cap-to-GDP (Buffett Indicator); long-term valuation context, not investment advice"
1959-04-01,US,buffett_indicator,346.5,522.7,66.3,"FRED (fredgraph.csv): NCBEILQ027S, GDP","FRED NCBEILQ027S (Z.1 nonfinancial corp equities market value, $M) / GDP ($B nominal SAAR) x100; quarterly; Fed Z.1 market-cap-to-GDP (Buffett Indicator); long-term valuation context, not investment advice"
1959-07-01,US,buffett_indicator,339.9,525.0,64.7,"FRED (fredgraph.csv): NCBEILQ027S, GDP","FRED NCBEILQ027S (Z.1 nonfinancial corp equities market value, $M) / GDP ($B nominal SAAR) x100; quarterly; Fed Z.1 market-cap-to-GDP (Buffett Indicator); long-term valuation context, not investment advice"
1959-10-01,US,buffett_indicator,362.2,528.6,68.5,"FRED (fredgraph.csv): NCBEILQ027S, GDP","FRED NCBEILQ027S (Z.1 nonfinancial corp equities market value, $M) / GDP ($B nominal SAAR) x100; quarterly; Fed Z.1 market-cap-to-GDP (Buffett Indicator); long-term valuation context, not investment advice"
1960-01-01,US,buffett_indicator,339.3,542.6,62.5,"FRED (fredgraph.csv): NCBEILQ027S, GDP","FRED NCBEILQ027S (Z.1 nonfinancial corp equities market value, $M) / GDP ($B nominal SAAR) x100; quarterly; Fed Z.1 market-cap-to-GDP (Buffett Indicator); long-term valuation context, not investment advice"
1960-04-01,US,buffett_indicator,347.6,541.1,64.2,"FRED (fredgraph.csv): NCBEILQ027S, GDP","FRED NCBEILQ027S (Z.1 nonfinancial corp equities market value, $M) / GDP ($B nominal SAAR) x100; quarterly; Fed Z.1 market-cap-to-GDP (Buffett Indicator); long-term valuation context, not investment advice"
1960-07-01,US,buffett_indicator,321.3,545.6,58.9,"FRED (fredgraph.csv): NCBEILQ027S, GDP","FRED NCBEILQ027S (Z.1 nonfinancial corp equities market value, $M) / GDP ($B nominal SAAR) x100; quarterly; Fed Z.1 market-cap-to-GDP (Buffett Indicator); long-term valuation context, not investment advice"
1960-10-01,US,buffett_indicator,365.2,540.2,67.6,"FRED (fredgraph.csv): NCBEILQ027S, GDP","FRED NCBEILQ027S (Z.1 nonfinancial corp equities market value, $M) / GDP ($B nominal SAAR) x100; quarterly; Fed Z.1 market-cap-to-GDP (Buffett Indicator); long-term valuation context, not investment advice"
1961-01-01,US,buffett_indicator,410.4,545.0,75.3,"FRED (fredgraph.csv): NCBEILQ027S, GDP","FRED NCBEILQ027S (Z.1 nonfinancial corp equities market value, $M) / GDP ($B nominal SAAR) x100; quarterly; Fed Z.1 market-cap-to-GDP (Buffett Indicator); long-term valuation context, not investment advice"
1961-04-01,US,buffett_indicator,411.6,555.5,74.1,"FRED (fredgraph.csv): NCBEILQ027S, GDP","FRED NCBEILQ027S (Z.1 nonfinancial corp equities market value, $M) / GDP ($B nominal SAAR) x100; quarterly; Fed Z.1 market-cap-to-GDP (Buffett Indicator); long-term valuation context, not investment advice"
1961-07-01,US,buffett_indicator,423.6,567.7,74.6,"FRED (fredgraph.csv): NCBEILQ027S, GDP","FRED NCBEILQ027S (Z.1 nonfinancial corp equities market value, $M) / GDP ($B nominal SAAR) x100; quarterly; Fed Z.1 market-cap-to-GDP (Buffett Indicator); long-term valuation context, not investment advice"
1961-10-01,US,buffett_indicator,437.7,580.6,75.4,"FRED (fredgraph.csv): NCBEILQ027S, GDP","FRED NCBEILQ027S (Z.1 nonfinancial corp equities market value, $M) / GDP ($B nominal SAAR) x100; quarterly; Fed Z.1 market-cap-to-GDP (Buffett Indicator); long-term valuation context, not investment advice"
1962-01-01,US,buffett_indicator,427.9,594.0,72.0,"FRED (fredgraph.csv): NCBEILQ027S, GDP","FRED NCBEILQ027S (Z.1 nonfinancial corp equities market value, $M) / GDP ($B nominal SAAR) x100; quarterly; Fed Z.1 market-cap-to-GDP (Buffett Indicator); long-term valuation context, not investment advice"
1962-04-01,US,buffett_indicator,326.6,600.4,54.4,"FRED (fredgraph.csv): NCBEILQ027S, GDP","FRED NCBEILQ027S (Z.1 nonfinancial corp equities market value, $M) / GDP ($B nominal SAAR) x100; quarterly; Fed Z.1 market-cap-to-GDP (Buffett Indicator); long-term valuation context, not investment advice"
1962-07-01,US,buffett_indicator,345.4,609.0,56.7,"FRED (fredgraph.csv): NCBEILQ027S, GDP","FRED NCBEILQ027S (Z.1 nonfinancial corp equities market value, $M) / GDP ($B nominal SAAR) x100; quarterly; Fed Z.1 market-cap-to-GDP (Buffett Indicator); long-term valuation context, not investment advice"
1962-10-01,US,buffett_indicator,424.3,612.3,69.3,"FRED (fredgraph.csv): NCBEILQ027S, GDP","FRED NCBEILQ027S (Z.1 nonfinancial corp equities market value, $M) / GDP ($B nominal SAAR) x100; quarterly; Fed Z.1 market-cap-to-GDP (Buffett Indicator); long-term valuation context, not investment advice"
1963-01-01,US,buffett_indicator,448.0,621.7,72.1,"FRED (fredgraph.csv): NCBEILQ027S, GDP","FRED NCBEILQ027S (Z.1 nonfinancial corp equities market value, $M) / GDP ($B nominal SAAR) x100; quarterly; Fed Z.1 market-cap-to-GDP (Buffett Indicator); long-term valuation context, not investment advice"
1963-04-01,US,buffett_indicator,469.0,629.8,74.5,"FRED (fredgraph.csv): NCBEILQ027S, GDP","FRED NCBEILQ027S (Z.1 nonfinancial corp equities market value, $M) / GDP ($B nominal SAAR) x100; quarterly; Fed Z.1 market-cap-to-GDP (Buffett Indicator); long-term valuation context, not investment advice"
1963-07-01,US,buffett_indicator,487.7,644.4,75.7,"FRED (fredgraph.csv): NCBEILQ027S, GDP","FRED NCBEILQ027S (Z.1 nonfinancial corp equities market value, $M) / GDP ($B nominal SAAR) x100; quarterly; Fed Z.1 market-cap-to-GDP (Buffett Indicator); long-term valuation context, not investment advice"
1963-10-01,US,buffett_indicator,465.8,653.9,71.2,"FRED (fredgraph.csv): NCBEILQ027S, GDP","FRED NCBEILQ027S (Z.1 nonfinancial corp equities market value, $M) / GDP ($B nominal SAAR) x100; quarterly; Fed Z.1 market-cap-to-GDP (Buffett Indicator); long-term valuation context, not investment advice"
1964-01-01,US,buffett_indicator,495.0,669.8,73.9,"FRED (fredgraph.csv): NCBEILQ027S, GDP","FRED NCBEILQ027S (Z.1 nonfinancial corp equities market value, $M) / GDP ($B nominal SAAR) x100; quarterly; Fed Z.1 market-cap-to-GDP (Buffett Indicator); long-term valuation context, not investment advice"
1964-04-01,US,buffett_indicator,511.1,678.7,75.3,"FRED (fredgraph.csv): NCBEILQ027S, GDP","FRED NCBEILQ027S (Z.1 nonfinancial corp equities market value, $M) / GDP ($B nominal SAAR) x100; quarterly; Fed Z.1 market-cap-to-GDP (Buffett Indicator); long-term valuation context, not investment advice"
1964-07-01,US,buffett_indicator,529.0,692.0,76.4,"FRED (fredgraph.csv): NCBEILQ027S, GDP","FRED NCBEILQ027S (Z.1 nonfinancial corp equities market value, $M) / GDP ($B nominal SAAR) x100; quarterly; Fed Z.1 market-cap-to-GDP (Buffett Indicator); long-term valuation context, not investment advice"
1964-10-01,US,buffett_indicator,546.0,697.3,78.3,"FRED (fredgraph.csv): NCBEILQ027S, GDP","FRED NCBEILQ027S (Z.1 nonfinancial corp equities market value, $M) / GDP ($B nominal SAAR) x100; quarterly; Fed Z.1 market-cap-to-GDP (Buffett Indicator); long-term valuation context, not investment advice"
1965-01-01,US,buffett_indicator,559.8,717.8,78.0,"FRED (fredgraph.csv): NCBEILQ027S, GDP","FRED NCBEILQ027S (Z.1 nonfinancial corp equities market value, $M) / GDP ($B nominal SAAR) x100; quarterly; Fed Z.1 market-cap-to-GDP (Buffett Indicator); long-term valuation context, not investment advice"
1965-04-01,US,buffett_indicator,539.5,730.2,73.9,"FRED (fredgraph.csv): NCBEILQ027S, GDP","FRED NCBEILQ027S (Z.1 nonfinancial corp equities market value, $M) / GDP ($B nominal SAAR) x100; quarterly; Fed Z.1 market-cap-to-GDP (Buffett Indicator); long-term valuation context, not investment advice"
1965-07-01,US,buffett_indicator,587.9,749.3,78.5,"FRED (fredgraph.csv): NCBEILQ027S, GDP","FRED NCBEILQ027S (Z.1 nonfinancial corp equities market value, $M) / GDP ($B nominal SAAR) x100; quarterly; Fed Z.1 market-cap-to-GDP (Buffett Indicator); long-term valuation context, not investment advice"
1965-10-01,US,buffett_indicator,623.8,771.9,80.8,"FRED (fredgraph.csv): NCBEILQ027S, GDP","FRED NCBEILQ027S (Z.1 nonfinancial corp equities market value, $M) / GDP ($B nominal SAAR) x100; quarterly; Fed Z.1 market-cap-to-GDP (Buffett Indicator); long-term valuation context, not investment advice"
1966-01-01,US,buffett_indicator,606.3,795.7,76.2,"FRED (fredgraph.csv): NCBEILQ027S, GDP","FRED NCBEILQ027S (Z.1 nonfinancial corp equities market value, $M) / GDP ($B nominal SAAR) x100; quarterly; Fed Z.1 market-cap-to-GDP (Buffett Indicator); long-term valuation context, not investment advice"
1966-04-01,US,buffett_indicator,581.0,805.0,72.2,"FRED (fredgraph.csv): NCBEILQ027S, GDP","FRED NCBEILQ027S (Z.1 nonfinancial corp equities market value, $M) / GDP ($B nominal SAAR) x100; quarterly; Fed Z.1 market-cap-to-GDP (Buffett Indicator); long-term valuation context, not investment advice"
1966-07-01,US,buffett_indicator,523.2,819.6,63.8,"FRED (fredgraph.csv): NCBEILQ027S, GDP","FRED NCBEILQ027S (Z.1 nonfinancial corp equities market value, $M) / GDP ($B nominal SAAR) x100; quarterly; Fed Z.1 market-cap-to-GDP (Buffett Indicator); long-term valuation context, not investment advice"
1966-10-01,US,buffett_indicator,547.9,833.3,65.7,"FRED (fredgraph.csv): NCBEILQ027S, GDP","FRED NCBEILQ027S (Z.1 nonfinancial corp equities market value, $M) / GDP ($B nominal SAAR) x100; quarterly; Fed Z.1 market-cap-to-GDP (Buffett Indicator); long-term valuation context, not investment advice"
1967-01-01,US,buffett_indicator,625.6,844.2,74.1,"FRED (fredgraph.csv): NCBEILQ027S, GDP","FRED NCBEILQ027S (Z.1 nonfinancial corp equities market value, $M) / GDP ($B nominal SAAR) x100; quarterly; Fed Z.1 market-cap-to-GDP (Buffett Indicator); long-term valuation context, not investment advice"
1967-04-01,US,buffett_indicator,641.3,849.0,75.5,"FRED (fredgraph.csv): NCBEILQ027S, GDP","FRED NCBEILQ027S (Z.1 nonfinancial corp equities market value, $M) / GDP ($B nominal SAAR) x100; quarterly; Fed Z.1 market-cap-to-GDP (Buffett Indicator); long-term valuation context, not investment advice"
1967-07-01,US,buffett_indicator,678.6,865.2,78.4,"FRED (fredgraph.csv): NCBEILQ027S, GDP","FRED NCBEILQ027S (Z.1 nonfinancial corp equities market value, $M) / GDP ($B nominal SAAR) x100; quarterly; Fed Z.1 market-cap-to-GDP (Buffett Indicator); long-term valuation context, not investment advice"
1967-10-01,US,buffett_indicator,712.2,881.4,80.8,"FRED (fredgraph.csv): NCBEILQ027S, GDP","FRED NCBEILQ027S (Z.1 nonfinancial corp equities market value, $M) / GDP ($B nominal SAAR) x100; quarterly; Fed Z.1 market-cap-to-GDP (Buffett Indicator); long-term valuation context, not investment advice"
1968-01-01,US,buffett_indicator,652.7,909.4,71.8,"FRED (fredgraph.csv): NCBEILQ027S, GDP","FRED NCBEILQ027S (Z.1 nonfinancial corp equities market value, $M) / GDP ($B nominal SAAR) x100; quarterly; Fed Z.1 market-cap-to-GDP (Buffett Indicator); long-term valuation context, not investment advice"
1968-04-01,US,buffett_indicator,731.1,934.3,78.2,"FRED (fredgraph.csv): NCBEILQ027S, GDP","FRED NCBEILQ027S (Z.1 nonfinancial corp equities market value, $M) / GDP ($B nominal SAAR) x100; quarterly; Fed Z.1 market-cap-to-GDP (Buffett Indicator); long-term valuation context, not investment advice"
1968-07-01,US,buffett_indicator,728.5,950.8,76.6,"FRED (fredgraph.csv): NCBEILQ027S, GDP","FRED NCBEILQ027S (Z.1 nonfinancial corp equities market value, $M) / GDP ($B nominal SAAR) x100; quarterly; Fed Z.1 market-cap-to-GDP (Buffett Indicator); long-term valuation context, not investment advice"
1968-10-01,US,buffett_indicator,843.1,968.0,87.1,"FRED (fredgraph.csv): NCBEILQ027S, GDP","FRED NCBEILQ027S (Z.1 nonfinancial corp equities market value, $M) / GDP ($B nominal SAAR) x100; quarterly; Fed Z.1 market-cap-to-GDP (Buffett Indicator); long-term valuation context, not investment advice"
1969-01-01,US,buffett_indicator,803.4,993.3,80.9,"FRED (fredgraph.csv): NCBEILQ027S, GDP","FRED NCBEILQ027S (Z.1 nonfinancial corp equities market value, $M) / GDP ($B nominal SAAR) x100; quarterly; Fed Z.1 market-cap-to-GDP (Buffett Indicator); long-term valuation context, not investment advice"
1969-04-01,US,buffett_indicator,774.5,1009.0,76.8,"FRED (fredgraph.csv): NCBEILQ027S, GDP","FRED NCBEILQ027S (Z.1 nonfinancial corp equities market value, $M) / GDP ($B nominal SAAR) x100; quarterly; Fed Z.1 market-cap-to-GDP (Buffett Indicator); long-term valuation context, not investment advice"
1969-07-01,US,buffett_indicator,744.0,1030.0,72.2,"FRED (fredgraph.csv): NCBEILQ027S, GDP","FRED NCBEILQ027S (Z.1 nonfinancial corp equities market value, $M) / GDP ($B nominal SAAR) x100; quarterly; Fed Z.1 market-cap-to-GDP (Buffett Indicator); long-term valuation context, not investment advice"
1969-10-01,US,buffett_indicator,705.1,1038.1,67.9,"FRED (fredgraph.csv): NCBEILQ027S, GDP","FRED NCBEILQ027S (Z.1 nonfinancial corp equities market value, $M) / GDP ($B nominal SAAR) x100; quarterly; Fed Z.1 market-cap-to-GDP (Buffett Indicator); long-term valuation context, not investment advice"
1970-01-01,US,buffett_indicator,677.8,1051.2,64.5,"FRED (fredgraph.csv): NCBEILQ027S, GDP","FRED NCBEILQ027S (Z.1 nonfinancial corp equities market value, $M) / GDP ($B nominal SAAR) x100; quarterly; Fed Z.1 market-cap-to-GDP (Buffett Indicator); long-term valuation context, not investment advice"
1970-04-01,US,buffett_indicator,541.8,1067.4,50.8,"FRED (fredgraph.csv): NCBEILQ027S, GDP","FRED NCBEILQ027S (Z.1 nonfinancial corp equities market value, $M) / GDP ($B nominal SAAR) x100; quarterly; Fed Z.1 market-cap-to-GDP (Buffett Indicator); long-term valuation context, not investment advice"
1970-07-01,US,buffett_indicator,633.8,1086.1,58.4,"FRED (fredgraph.csv): NCBEILQ027S, GDP","FRED NCBEILQ027S (Z.1 nonfinancial corp equities market value, $M) / GDP ($B nominal SAAR) x100; quarterly; Fed Z.1 market-cap-to-GDP (Buffett Indicator); long-term valuation context, not investment advice"
1970-10-01,US,buffett_indicator,702.5,1088.6,64.5,"FRED (fredgraph.csv): NCBEILQ027S, GDP","FRED NCBEILQ027S (Z.1 nonfinancial corp equities market value, $M) / GDP ($B nominal SAAR) x100; quarterly; Fed Z.1 market-cap-to-GDP (Buffett Indicator); long-term valuation context, not investment advice"
1971-01-01,US,buffett_indicator,774.8,1135.2,68.3,"FRED (fredgraph.csv): NCBEILQ027S, GDP","FRED NCBEILQ027S (Z.1 nonfinancial corp equities market value, $M) / GDP ($B nominal SAAR) x100; quarterly; Fed Z.1 market-cap-to-GDP (Buffett Indicator); long-term valuation context, not investment advice"
1971-04-01,US,buffett_indicator,778.7,1156.3,67.3,"FRED (fredgraph.csv): NCBEILQ027S, GDP","FRED NCBEILQ027S (Z.1 nonfinancial corp equities market value, $M) / GDP ($B nominal SAAR) x100; quarterly; Fed Z.1 market-cap-to-GDP (Buffett Indicator); long-term valuation context, not investment advice"
1971-07-01,US,buffett_indicator,765.6,1177.7,65.0,"FRED (fredgraph.csv): NCBEILQ027S, GDP","FRED NCBEILQ027S (Z.1 nonfinancial corp equities market value, $M) / GDP ($B nominal SAAR) x100; quarterly; Fed Z.1 market-cap-to-GDP (Buffett Indicator); long-term valuation context, not investment advice"
1971-10-01,US,buffett_indicator,824.0,1190.3,69.2,"FRED (fredgraph.csv): NCBEILQ027S, GDP","FRED NCBEILQ027S (Z.1 nonfinancial corp equities market value, $M) / GDP ($B nominal SAAR) x100; quarterly; Fed Z.1 market-cap-to-GDP (Buffett Indicator); long-term valuation context, not investment advice"
1972-01-01,US,buffett_indicator,872.2,1230.6,70.9,"FRED (fredgraph.csv): NCBEILQ027S, GDP","FRED NCBEILQ027S (Z.1 nonfinancial corp equities market value, $M) / GDP ($B nominal SAAR) x100; quarterly; Fed Z.1 market-cap-to-GDP (Buffett Indicator); long-term valuation context, not investment advice"
1972-04-01,US,buffett_indicator,875.2,1266.4,69.1,"FRED (fredgraph.csv): NCBEILQ027S, GDP","FRED NCBEILQ027S (Z.1 nonfinancial corp equities market value, $M) / GDP ($B nominal SAAR) x100; quarterly; Fed Z.1 market-cap-to-GDP (Buffett Indicator); long-term valuation context, not investment advice"
1972-07-01,US,buffett_indicator,893.7,1290.6,69.2,"FRED (fredgraph.csv): NCBEILQ027S, GDP","FRED NCBEILQ027S (Z.1 nonfinancial corp equities market value, $M) / GDP ($B nominal SAAR) x100; quarterly; Fed Z.1 market-cap-to-GDP (Buffett Indicator); long-term valuation context, not investment advice"
1972-10-01,US,buffett_indicator,1032.9,1328.9,77.7,"FRED (fredgraph.csv): NCBEILQ027S, GDP","FRED NCBEILQ027S (Z.1 nonfinancial corp equities market value, $M) / GDP ($B nominal SAAR) x100; quarterly; Fed Z.1 market-cap-to-GDP (Buffett Indicator); long-term valuation context, not investment advice"
1973-01-01,US,buffett_indicator,970.8,1377.5,70.5,"FRED (fredgraph.csv): NCBEILQ027S, GDP","FRED NCBEILQ027S (Z.1 nonfinancial corp equities market value, $M) / GDP ($B nominal SAAR) x100; quarterly; Fed Z.1 market-cap-to-GDP (Buffett Indicator); long-term valuation context, not investment advice"
1973-04-01,US,buffett_indicator,903.8,1413.9,63.9,"FRED (fredgraph.csv): NCBEILQ027S, GDP","FRED NCBEILQ027S (Z.1 nonfinancial corp equities market value, $M) / GDP ($B nominal SAAR) x100; quarterly; Fed Z.1 market-cap-to-GDP (Buffett Indicator); long-term valuation context, not investment advice"
1973-07-01,US,buffett_indicator,953.7,1433.8,66.5,"FRED (fredgraph.csv): NCBEILQ027S, GDP","FRED NCBEILQ027S (Z.1 nonfinancial corp equities market value, $M) / GDP ($B nominal SAAR) x100; quarterly; Fed Z.1 market-cap-to-GDP (Buffett Indicator); long-term valuation context, not investment advice"
1973-10-01,US,buffett_indicator,809.6,1476.3,54.8,"FRED (fredgraph.csv): NCBEILQ027S, GDP","FRED NCBEILQ027S (Z.1 nonfinancial corp equities market value, $M) / GDP ($B nominal SAAR) x100; quarterly; Fed Z.1 market-cap-to-GDP (Buffett Indicator); long-term valuation context, not investment advice"
1974-01-01,US,buffett_indicator,784.4,1491.2,52.6,"FRED (fredgraph.csv): NCBEILQ027S, GDP","FRED NCBEILQ027S (Z.1 nonfinancial corp equities market value, $M) / GDP ($B nominal SAAR) x100; quarterly; Fed Z.1 market-cap-to-GDP (Buffett Indicator); long-term valuation context, not investment advice"
1974-04-01,US,buffett_indicator,723.4,1530.1,47.3,"FRED (fredgraph.csv): NCBEILQ027S, GDP","FRED NCBEILQ027S (Z.1 nonfinancial corp equities market value, $M) / GDP ($B nominal SAAR) x100; quarterly; Fed Z.1 market-cap-to-GDP (Buffett Indicator); long-term valuation context, not investment advice"
1974-07-01,US,buffett_indicator,540.5,1560.0,34.6,"FRED (fredgraph.csv): NCBEILQ027S, GDP","FRED NCBEILQ027S (Z.1 nonfinancial corp equities market value, $M) / GDP ($B nominal SAAR) x100; quarterly; Fed Z.1 market-cap-to-GDP (Buffett Indicator); long-term valuation context, not investment advice"
1974-10-01,US,buffett_indicator,557.7,1599.7,34.9,"FRED (fredgraph.csv): NCBEILQ027S, GDP","FRED NCBEILQ027S (Z.1 nonfinancial corp equities market value, $M) / GDP ($B nominal SAAR) x100; quarterly; Fed Z.1 market-cap-to-GDP (Buffett Indicator); long-term valuation context, not investment advice"
1975-01-01,US,buffett_indicator,685.0,1616.1,42.4,"FRED (fredgraph.csv): NCBEILQ027S, GDP","FRED NCBEILQ027S (Z.1 nonfinancial corp equities market value, $M) / GDP ($B nominal SAAR) x100; quarterly; Fed Z.1 market-cap-to-GDP (Buffett Indicator); long-term valuation context, not investment advice"
1975-04-01,US,buffett_indicator,791.7,1651.9,47.9,"FRED (fredgraph.csv): NCBEILQ027S, GDP","FRED NCBEILQ027S (Z.1 nonfinancial corp equities market value, $M) / GDP ($B nominal SAAR) x100; quarterly; Fed Z.1 market-cap-to-GDP (Buffett Indicator); long-term valuation context, not investment advice"
1975-07-01,US,buffett_indicator,701.8,1709.8,41.0,"FRED (fredgraph.csv): NCBEILQ027S, GDP","FRED NCBEILQ027S (Z.1 nonfinancial corp equities market value, $M) / GDP ($B nominal SAAR) x100; quarterly; Fed Z.1 market-cap-to-GDP (Buffett Indicator); long-term valuation context, not investment advice"
1975-10-01,US,buffett_indicator,754.9,1761.8,42.8,"FRED (fredgraph.csv): NCBEILQ027S, GDP","FRED NCBEILQ027S (Z.1 nonfinancial corp equities market value, $M) / GDP ($B nominal SAAR) x100; quarterly; Fed Z.1 market-cap-to-GDP (Buffett Indicator); long-term valuation context, not investment advice"
1976-01-01,US,buffett_indicator,868.3,1820.5,47.7,"FRED (fredgraph.csv): NCBEILQ027S, GDP","FRED NCBEILQ027S (Z.1 nonfinancial corp equities market value, $M) / GDP ($B nominal SAAR) x100; quarterly; Fed Z.1 market-cap-to-GDP (Buffett Indicator); long-term valuation context, not investment advice"
1976-04-01,US,buffett_indicator,887.8,1852.3,47.9,"FRED (fredgraph.csv): NCBEILQ027S, GDP","FRED NCBEILQ027S (Z.1 nonfinancial corp equities market value, $M) / GDP ($B nominal SAAR) x100; quarterly; Fed Z.1 market-cap-to-GDP (Buffett Indicator); long-term valuation context, not investment advice"
1976-07-01,US,buffett_indicator,897.4,1886.6,47.6,"FRED (fredgraph.csv): NCBEILQ027S, GDP","FRED NCBEILQ027S (Z.1 nonfinancial corp equities market value, $M) / GDP ($B nominal SAAR) x100; quarterly; Fed Z.1 market-cap-to-GDP (Buffett Indicator); long-term valuation context, not investment advice"
1976-10-01,US,buffett_indicator,927.4,1934.3,47.9,"FRED (fredgraph.csv): NCBEILQ027S, GDP","FRED NCBEILQ027S (Z.1 nonfinancial corp equities market value, $M) / GDP ($B nominal SAAR) x100; quarterly; Fed Z.1 market-cap-to-GDP (Buffett Indicator); long-term valuation context, not investment advice"
1977-01-01,US,buffett_indicator,857.1,1988.6,43.1,"FRED (fredgraph.csv): NCBEILQ027S, GDP","FRED NCBEILQ027S (Z.1 nonfinancial corp equities market value, $M) / GDP ($B nominal SAAR) x100; quarterly; Fed Z.1 market-cap-to-GDP (Buffett Indicator); long-term valuation context, not investment advice"
1977-04-01,US,buffett_indicator,882.1,2055.9,42.9,"FRED (fredgraph.csv): NCBEILQ027S, GDP","FRED NCBEILQ027S (Z.1 nonfinancial corp equities market value, $M) / GDP ($B nominal SAAR) x100; quarterly; Fed Z.1 market-cap-to-GDP (Buffett Indicator); long-term valuation context, not investment advice"
1977-07-01,US,buffett_indicator,845.3,2118.5,39.9,"FRED (fredgraph.csv): NCBEILQ027S, GDP","FRED NCBEILQ027S (Z.1 nonfinancial corp equities market value, $M) / GDP ($B nominal SAAR) x100; quarterly; Fed Z.1 market-cap-to-GDP (Buffett Indicator); long-term valuation context, not investment advice"
1977-10-01,US,buffett_indicator,819.2,2164.3,37.8,"FRED (fredgraph.csv): NCBEILQ027S, GDP","FRED NCBEILQ027S (Z.1 nonfinancial corp equities market value, $M) / GDP ($B nominal SAAR) x100; quarterly; Fed Z.1 market-cap-to-GDP (Buffett Indicator); long-term valuation context, not investment advice"
1978-01-01,US,buffett_indicator,773.9,2202.8,35.1,"FRED (fredgraph.csv): NCBEILQ027S, GDP","FRED NCBEILQ027S (Z.1 nonfinancial corp equities market value, $M) / GDP ($B nominal SAAR) x100; quarterly; Fed Z.1 market-cap-to-GDP (Buffett Indicator); long-term valuation context, not investment advice"
1978-04-01,US,buffett_indicator,833.2,2331.6,35.7,"FRED (fredgraph.csv): NCBEILQ027S, GDP","FRED NCBEILQ027S (Z.1 nonfinancial corp equities market value, $M) / GDP ($B nominal SAAR) x100; quarterly; Fed Z.1 market-cap-to-GDP (Buffett Indicator); long-term valuation context, not investment advice"
1978-07-01,US,buffett_indicator,895.8,2395.1,37.4,"FRED (fredgraph.csv): NCBEILQ027S, GDP","FRED NCBEILQ027S (Z.1 nonfinancial corp equities market value, $M) / GDP ($B nominal SAAR) x100; quarterly; Fed Z.1 market-cap-to-GDP (Buffett Indicator); long-term valuation context, not investment advice"
1978-10-01,US,buffett_indicator,856.3,2476.9,34.6,"FRED (fredgraph.csv): NCBEILQ027S, GDP","FRED NCBEILQ027S (Z.1 nonfinancial corp equities market value, $M) / GDP ($B nominal SAAR) x100; quarterly; Fed Z.1 market-cap-to-GDP (Buffett Indicator); long-term valuation context, not investment advice"
1979-01-01,US,buffett_indicator,910.9,2526.6,36.1,"FRED (fredgraph.csv): NCBEILQ027S, GDP","FRED NCBEILQ027S (Z.1 nonfinancial corp equities market value, $M) / GDP ($B nominal SAAR) x100; quarterly; Fed Z.1 market-cap-to-GDP (Buffett Indicator); long-term valuation context, not investment advice"
1979-04-01,US,buffett_indicator,921.1,2591.2,35.5,"FRED (fredgraph.csv): NCBEILQ027S, GDP","FRED NCBEILQ027S (Z.1 nonfinancial corp equities market value, $M) / GDP ($B nominal SAAR) x100; quarterly; Fed Z.1 market-cap-to-GDP (Buffett Indicator); long-term valuation context, not investment advice"
1979-07-01,US,buffett_indicator,981.2,2667.6,36.8,"FRED (fredgraph.csv): NCBEILQ027S, GDP","FRED NCBEILQ027S (Z.1 nonfinancial corp equities market value, $M) / GDP ($B nominal SAAR) x100; quarterly; Fed Z.1 market-cap-to-GDP (Buffett Indicator); long-term valuation context, not investment advice"
1979-10-01,US,buffett_indicator,1014.8,2723.9,37.3,"FRED (fredgraph.csv): NCBEILQ027S, GDP","FRED NCBEILQ027S (Z.1 nonfinancial corp equities market value, $M) / GDP ($B nominal SAAR) x100; quarterly; Fed Z.1 market-cap-to-GDP (Buffett Indicator); long-term valuation context, not investment advice"
1980-01-01,US,buffett_indicator,956.9,2789.8,34.3,"FRED (fredgraph.csv): NCBEILQ027S, GDP","FRED NCBEILQ027S (Z.1 nonfinancial corp equities market value, $M) / GDP ($B nominal SAAR) x100; quarterly; Fed Z.1 market-cap-to-GDP (Buffett Indicator); long-term valuation context, not investment advice"
1980-04-01,US,buffett_indicator,1076.6,2797.4,38.5,"FRED (fredgraph.csv): NCBEILQ027S, GDP","FRED NCBEILQ027S (Z.1 nonfinancial corp equities market value, $M) / GDP ($B nominal SAAR) x100; quarterly; Fed Z.1 market-cap-to-GDP (Buffett Indicator); long-term valuation context, not investment advice"
1980-07-01,US,buffett_indicator,1214.0,2856.5,42.5,"FRED (fredgraph.csv): NCBEILQ027S, GDP","FRED NCBEILQ027S (Z.1 nonfinancial corp equities market value, $M) / GDP ($B nominal SAAR) x100; quarterly; Fed Z.1 market-cap-to-GDP (Buffett Indicator); long-term valuation context, not investment advice"
1980-10-01,US,buffett_indicator,1346.5,2985.6,45.1,"FRED (fredgraph.csv): NCBEILQ027S, GDP","FRED NCBEILQ027S (Z.1 nonfinancial corp equities market value, $M) / GDP ($B nominal SAAR) x100; quarterly; Fed Z.1 market-cap-to-GDP (Buffett Indicator); long-term valuation context, not investment advice"
1981-01-01,US,buffett_indicator,1351.0,3124.2,43.2,"FRED (fredgraph.csv): NCBEILQ027S, GDP","FRED NCBEILQ027S (Z.1 nonfinancial corp equities market value, $M) / GDP ($B nominal SAAR) x100; quarterly; Fed Z.1 market-cap-to-GDP (Buffett Indicator); long-term valuation context, not investment advice"
1981-04-01,US,buffett_indicator,1315.9,3162.5,41.6,"FRED (fredgraph.csv): NCBEILQ027S, GDP","FRED NCBEILQ027S (Z.1 nonfinancial corp equities market value, $M) / GDP ($B nominal SAAR) x100; quarterly; Fed Z.1 market-cap-to-GDP (Buffett Indicator); long-term valuation context, not investment advice"
1981-07-01,US,buffett_indicator,1136.1,3260.6,34.8,"FRED (fredgraph.csv): NCBEILQ027S, GDP","FRED NCBEILQ027S (Z.1 nonfinancial corp equities market value, $M) / GDP ($B nominal SAAR) x100; quarterly; Fed Z.1 market-cap-to-GDP (Buffett Indicator); long-term valuation context, not investment advice"
1981-10-01,US,buffett_indicator,1225.6,3280.8,37.4,"FRED (fredgraph.csv): NCBEILQ027S, GDP","FRED NCBEILQ027S (Z.1 nonfinancial corp equities market value, $M) / GDP ($B nominal SAAR) x100; quarterly; Fed Z.1 market-cap-to-GDP (Buffett Indicator); long-term valuation context, not investment advice"
1982-01-01,US,buffett_indicator,1090.4,3274.3,33.3,"FRED (fredgraph.csv): NCBEILQ027S, GDP","FRED NCBEILQ027S (Z.1 nonfinancial corp equities market value, $M) / GDP ($B nominal SAAR) x100; quarterly; Fed Z.1 market-cap-to-GDP (Buffett Indicator); long-term valuation context, not investment advice"
1982-04-01,US,buffett_indicator,1073.7,3332.0,32.2,"FRED (fredgraph.csv): NCBEILQ027S, GDP","FRED NCBEILQ027S (Z.1 nonfinancial corp equities market value, $M) / GDP ($B nominal SAAR) x100; quarterly; Fed Z.1 market-cap-to-GDP (Buffett Indicator); long-term valuation context, not investment advice"
1982-07-01,US,buffett_indicator,1172.8,3366.3,34.8,"FRED (fredgraph.csv): NCBEILQ027S, GDP","FRED NCBEILQ027S (Z.1 nonfinancial corp equities market value, $M) / GDP ($B nominal SAAR) x100; quarterly; Fed Z.1 market-cap-to-GDP (Buffett Indicator); long-term valuation context, not investment advice"
1982-10-01,US,buffett_indicator,1386.5,3402.6,40.7,"FRED (fredgraph.csv): NCBEILQ027S, GDP","FRED NCBEILQ027S (Z.1 nonfinancial corp equities market value, $M) / GDP ($B nominal SAAR) x100; quarterly; Fed Z.1 market-cap-to-GDP (Buffett Indicator); long-term valuation context, not investment advice"
1983-01-01,US,buffett_indicator,1533.8,3473.4,44.2,"FRED (fredgraph.csv): NCBEILQ027S, GDP","FRED NCBEILQ027S (Z.1 nonfinancial corp equities market value, $M) / GDP ($B nominal SAAR) x100; quarterly; Fed Z.1 market-cap-to-GDP (Buffett Indicator); long-term valuation context, not investment advice"
1983-04-01,US,buffett_indicator,1736.7,3578.8,48.5,"FRED (fredgraph.csv): NCBEILQ027S, GDP","FRED NCBEILQ027S (Z.1 nonfinancial corp equities market value, $M) / GDP ($B nominal SAAR) x100; quarterly; Fed Z.1 market-cap-to-GDP (Buffett Indicator); long-term valuation context, not investment advice"
1983-07-01,US,buffett_indicator,1709.5,3689.2,46.3,"FRED (fredgraph.csv): NCBEILQ027S, GDP","FRED NCBEILQ027S (Z.1 nonfinancial corp equities market value, $M) / GDP ($B nominal SAAR) x100; quarterly; Fed Z.1 market-cap-to-GDP (Buffett Indicator); long-term valuation context, not investment advice"
1983-10-01,US,buffett_indicator,1630.5,3794.7,43.0,"FRED (fredgraph.csv): NCBEILQ027S, GDP","FRED NCBEILQ027S (Z.1 nonfinancial corp equities market value, $M) / GDP ($B nominal SAAR) x100; quarterly; Fed Z.1 market-cap-to-GDP (Buffett Indicator); long-term valuation context, not investment advice"
1984-01-01,US,buffett_indicator,1527.8,3908.1,39.1,"FRED (fredgraph.csv): NCBEILQ027S, GDP","FRED NCBEILQ027S (Z.1 nonfinancial corp equities market value, $M) / GDP ($B nominal SAAR) x100; quarterly; Fed Z.1 market-cap-to-GDP (Buffett Indicator); long-term valuation context, not investment advice"
1984-04-01,US,buffett_indicator,1456.0,4009.6,36.3,"FRED (fredgraph.csv): NCBEILQ027S, GDP","FRED NCBEILQ027S (Z.1 nonfinancial corp equities market value, $M) / GDP ($B nominal SAAR) x100; quarterly; Fed Z.1 market-cap-to-GDP (Buffett Indicator); long-term valuation context, not investment advice"
1984-07-01,US,buffett_indicator,1543.2,4084.2,37.8,"FRED (fredgraph.csv): NCBEILQ027S, GDP","FRED NCBEILQ027S (Z.1 nonfinancial corp equities market value, $M) / GDP ($B nominal SAAR) x100; quarterly; Fed Z.1 market-cap-to-GDP (Buffett Indicator); long-term valuation context, not investment advice"
1984-10-01,US,buffett_indicator,1553.7,4148.6,37.5,"FRED (fredgraph.csv): NCBEILQ027S, GDP","FRED NCBEILQ027S (Z.1 nonfinancial corp equities market value, $M) / GDP ($B nominal SAAR) x100; quarterly; Fed Z.1 market-cap-to-GDP (Buffett Indicator); long-term valuation context, not investment advice"
1985-01-01,US,buffett_indicator,1671.5,4230.2,39.5,"FRED (fredgraph.csv): NCBEILQ027S, GDP","FRED NCBEILQ027S (Z.1 nonfinancial corp equities market value, $M) / GDP ($B nominal SAAR) x100; quarterly; Fed Z.1 market-cap-to-GDP (Buffett Indicator); long-term valuation context, not investment advice"
1985-04-01,US,buffett_indicator,1744.1,4294.9,40.6,"FRED (fredgraph.csv): NCBEILQ027S, GDP","FRED NCBEILQ027S (Z.1 nonfinancial corp equities market value, $M) / GDP ($B nominal SAAR) x100; quarterly; Fed Z.1 market-cap-to-GDP (Buffett Indicator); long-term valuation context, not investment advice"
1985-07-01,US,buffett_indicator,1642.4,4386.8,37.4,"FRED (fredgraph.csv): NCBEILQ027S, GDP","FRED NCBEILQ027S (Z.1 nonfinancial corp equities market value, $M) / GDP ($B nominal SAAR) x100; quarterly; Fed Z.1 market-cap-to-GDP (Buffett Indicator); long-term valuation context, not investment advice"
1985-10-01,US,buffett_indicator,1917.6,4444.1,43.2,"FRED (fredgraph.csv): NCBEILQ027S, GDP","FRED NCBEILQ027S (Z.1 nonfinancial corp equities market value, $M) / GDP ($B nominal SAAR) x100; quarterly; Fed Z.1 market-cap-to-GDP (Buffett Indicator); long-term valuation context, not investment advice"
1986-01-01,US,buffett_indicator,2137.7,4507.9,47.4,"FRED (fredgraph.csv): NCBEILQ027S, GDP","FRED NCBEILQ027S (Z.1 nonfinancial corp equities market value, $M) / GDP ($B nominal SAAR) x100; quarterly; Fed Z.1 market-cap-to-GDP (Buffett Indicator); long-term valuation context, not investment advice"
1986-04-01,US,buffett_indicator,2245.4,4545.3,49.4,"FRED (fredgraph.csv): NCBEILQ027S, GDP","FRED NCBEILQ027S (Z.1 nonfinancial corp equities market value, $M) / GDP ($B nominal SAAR) x100; quarterly; Fed Z.1 market-cap-to-GDP (Buffett Indicator); long-term valuation context, not investment advice"
1986-07-01,US,buffett_indicator,2032.7,4607.7,44.1,"FRED (fredgraph.csv): NCBEILQ027S, GDP","FRED NCBEILQ027S (Z.1 nonfinancial corp equities market value, $M) / GDP ($B nominal SAAR) x100; quarterly; Fed Z.1 market-cap-to-GDP (Buffett Indicator); long-term valuation context, not investment advice"
1986-10-01,US,buffett_indicator,2241.9,4657.6,48.1,"FRED (fredgraph.csv): NCBEILQ027S, GDP","FRED NCBEILQ027S (Z.1 nonfinancial corp equities market value, $M) / GDP ($B nominal SAAR) x100; quarterly; Fed Z.1 market-cap-to-GDP (Buffett Indicator); long-term valuation context, not investment advice"
1987-01-01,US,buffett_indicator,2709.4,4722.2,57.4,"FRED (fredgraph.csv): NCBEILQ027S, GDP","FRED NCBEILQ027S (Z.1 nonfinancial corp equities market value, $M) / GDP ($B nominal SAAR) x100; quarterly; Fed Z.1 market-cap-to-GDP (Buffett Indicator); long-term valuation context, not investment advice"
1987-04-01,US,buffett_indicator,2784.8,4806.2,57.9,"FRED (fredgraph.csv): NCBEILQ027S, GDP","FRED NCBEILQ027S (Z.1 nonfinancial corp equities market value, $M) / GDP ($B nominal SAAR) x100; quarterly; Fed Z.1 market-cap-to-GDP (Buffett Indicator); long-term valuation context, not investment advice"
1987-07-01,US,buffett_indicator,2945.6,4884.6,60.3,"FRED (fredgraph.csv): NCBEILQ027S, GDP","FRED NCBEILQ027S (Z.1 nonfinancial corp equities market value, $M) / GDP ($B nominal SAAR) x100; quarterly; Fed Z.1 market-cap-to-GDP (Buffett Indicator); long-term valuation context, not investment advice"
1987-10-01,US,buffett_indicator,2287.7,5008.0,45.7,"FRED (fredgraph.csv): NCBEILQ027S, GDP","FRED NCBEILQ027S (Z.1 nonfinancial corp equities market value, $M) / GDP ($B nominal SAAR) x100; quarterly; Fed Z.1 market-cap-to-GDP (Buffett Indicator); long-term valuation context, not investment advice"
1988-01-01,US,buffett_indicator,2420.4,5073.4,47.7,"FRED (fredgraph.csv): NCBEILQ027S, GDP","FRED NCBEILQ027S (Z.1 nonfinancial corp equities market value, $M) / GDP ($B nominal SAAR) x100; quarterly; Fed Z.1 market-cap-to-GDP (Buffett Indicator); long-term valuation context, not investment advice"
1988-04-01,US,buffett_indicator,2516.1,5190.0,48.5,"FRED (fredgraph.csv): NCBEILQ027S, GDP","FRED NCBEILQ027S (Z.1 nonfinancial corp equities market value, $M) / GDP ($B nominal SAAR) x100; quarterly; Fed Z.1 market-cap-to-GDP (Buffett Indicator); long-term valuation context, not investment advice"
1988-07-01,US,buffett_indicator,2460.5,5282.8,46.6,"FRED (fredgraph.csv): NCBEILQ027S, GDP","FRED NCBEILQ027S (Z.1 nonfinancial corp equities market value, $M) / GDP ($B nominal SAAR) x100; quarterly; Fed Z.1 market-cap-to-GDP (Buffett Indicator); long-term valuation context, not investment advice"
1988-10-01,US,buffett_indicator,2559.3,5399.5,47.4,"FRED (fredgraph.csv): NCBEILQ027S, GDP","FRED NCBEILQ027S (Z.1 nonfinancial corp equities market value, $M) / GDP ($B nominal SAAR) x100; quarterly; Fed Z.1 market-cap-to-GDP (Buffett Indicator); long-term valuation context, not investment advice"
1989-01-01,US,buffett_indicator,2670.7,5511.3,48.5,"FRED (fredgraph.csv): NCBEILQ027S, GDP","FRED NCBEILQ027S (Z.1 nonfinancial corp equities market value, $M) / GDP ($B nominal SAAR) x100; quarterly; Fed Z.1 market-cap-to-GDP (Buffett Indicator); long-term valuation context, not investment advice"
1989-04-01,US,buffett_indicator,2837.2,5612.5,50.6,"FRED (fredgraph.csv): NCBEILQ027S, GDP","FRED NCBEILQ027S (Z.1 nonfinancial corp equities market value, $M) / GDP ($B nominal SAAR) x100; quarterly; Fed Z.1 market-cap-to-GDP (Buffett Indicator); long-term valuation context, not investment advice"
1989-07-01,US,buffett_indicator,3057.6,5695.4,53.7,"FRED (fredgraph.csv): NCBEILQ027S, GDP","FRED NCBEILQ027S (Z.1 nonfinancial corp equities market value, $M) / GDP ($B nominal SAAR) x100; quarterly; Fed Z.1 market-cap-to-GDP (Buffett Indicator); long-term valuation context, not investment advice"
1989-10-01,US,buffett_indicator,3140.0,5747.2,54.6,"FRED (fredgraph.csv): NCBEILQ027S, GDP","FRED NCBEILQ027S (Z.1 nonfinancial corp equities market value, $M) / GDP ($B nominal SAAR) x100; quarterly; Fed Z.1 market-cap-to-GDP (Buffett Indicator); long-term valuation context, not investment advice"
1990-01-01,US,buffett_indicator,3006.9,5872.7,51.2,"FRED (fredgraph.csv): NCBEILQ027S, GDP","FRED NCBEILQ027S (Z.1 nonfinancial corp equities market value, $M) / GDP ($B nominal SAAR) x100; quarterly; Fed Z.1 market-cap-to-GDP (Buffett Indicator); long-term valuation context, not investment advice"
1990-04-01,US,buffett_indicator,3136.3,5960.0,52.6,"FRED (fredgraph.csv): NCBEILQ027S, GDP","FRED NCBEILQ027S (Z.1 nonfinancial corp equities market value, $M) / GDP ($B nominal SAAR) x100; quarterly; Fed Z.1 market-cap-to-GDP (Buffett Indicator); long-term valuation context, not investment advice"
1990-07-01,US,buffett_indicator,2654.8,6015.1,44.1,"FRED (fredgraph.csv): NCBEILQ027S, GDP","FRED NCBEILQ027S (Z.1 nonfinancial corp equities market value, $M) / GDP ($B nominal SAAR) x100; quarterly; Fed Z.1 market-cap-to-GDP (Buffett Indicator); long-term valuation context, not investment advice"
1990-10-01,US,buffett_indicator,2957.0,6004.7,49.2,"FRED (fredgraph.csv): NCBEILQ027S, GDP","FRED NCBEILQ027S (Z.1 nonfinancial corp equities market value, $M) / GDP ($B nominal SAAR) x100; quarterly; Fed Z.1 market-cap-to-GDP (Buffett Indicator); long-term valuation context, not investment advice"
1991-01-01,US,buffett_indicator,3397.9,6035.2,56.3,"FRED (fredgraph.csv): NCBEILQ027S, GDP","FRED NCBEILQ027S (Z.1 nonfinancial corp equities market value, $M) / GDP ($B nominal SAAR) x100; quarterly; Fed Z.1 market-cap-to-GDP (Buffett Indicator); long-term valuation context, not investment advice"
1991-04-01,US,buffett_indicator,3356.0,6126.9,54.8,"FRED (fredgraph.csv): NCBEILQ027S, GDP","FRED NCBEILQ027S (Z.1 nonfinancial corp equities market value, $M) / GDP ($B nominal SAAR) x100; quarterly; Fed Z.1 market-cap-to-GDP (Buffett Indicator); long-term valuation context, not investment advice"
1991-07-01,US,buffett_indicator,3538.0,6205.9,57.0,"FRED (fredgraph.csv): NCBEILQ027S, GDP","FRED NCBEILQ027S (Z.1 nonfinancial corp equities market value, $M) / GDP ($B nominal SAAR) x100; quarterly; Fed Z.1 market-cap-to-GDP (Buffett Indicator); long-term valuation context, not investment advice"
1991-10-01,US,buffett_indicator,4000.4,6264.5,63.9,"FRED (fredgraph.csv): NCBEILQ027S, GDP","FRED NCBEILQ027S (Z.1 nonfinancial corp equities market value, $M) / GDP ($B nominal SAAR) x100; quarterly; Fed Z.1 market-cap-to-GDP (Buffett Indicator); long-term valuation context, not investment advice"
1992-01-01,US,buffett_indicator,3914.3,6363.1,61.5,"FRED (fredgraph.csv): NCBEILQ027S, GDP","FRED NCBEILQ027S (Z.1 nonfinancial corp equities market value, $M) / GDP ($B nominal SAAR) x100; quarterly; Fed Z.1 market-cap-to-GDP (Buffett Indicator); long-term valuation context, not investment advice"
1992-04-01,US,buffett_indicator,3876.6,6470.8,59.9,"FRED (fredgraph.csv): NCBEILQ027S, GDP","FRED NCBEILQ027S (Z.1 nonfinancial corp equities market value, $M) / GDP ($B nominal SAAR) x100; quarterly; Fed Z.1 market-cap-to-GDP (Buffett Indicator); long-term valuation context, not investment advice"
1992-07-01,US,buffett_indicator,3973.5,6566.6,60.5,"FRED (fredgraph.csv): NCBEILQ027S, GDP","FRED NCBEILQ027S (Z.1 nonfinancial corp equities market value, $M) / GDP ($B nominal SAAR) x100; quarterly; Fed Z.1 market-cap-to-GDP (Buffett Indicator); long-term valuation context, not investment advice"
1992-10-01,US,buffett_indicator,4369.3,6680.8,65.4,"FRED (fredgraph.csv): NCBEILQ027S, GDP","FRED NCBEILQ027S (Z.1 nonfinancial corp equities market value, $M) / GDP ($B nominal SAAR) x100; quarterly; Fed Z.1 market-cap-to-GDP (Buffett Indicator); long-term valuation context, not investment advice"
1993-01-01,US,buffett_indicator,4493.6,6729.5,66.8,"FRED (fredgraph.csv): NCBEILQ027S, GDP","FRED NCBEILQ027S (Z.1 nonfinancial corp equities market value, $M) / GDP ($B nominal SAAR) x100; quarterly; Fed Z.1 market-cap-to-GDP (Buffett Indicator); long-term valuation context, not investment advice"
1993-04-01,US,buffett_indicator,4515.2,6808.9,66.3,"FRED (fredgraph.csv): NCBEILQ027S, GDP","FRED NCBEILQ027S (Z.1 nonfinancial corp equities market value, $M) / GDP ($B nominal SAAR) x100; quarterly; Fed Z.1 market-cap-to-GDP (Buffett Indicator); long-term valuation context, not investment advice"
1993-07-01,US,buffett_indicator,4646.2,6882.1,67.5,"FRED (fredgraph.csv): NCBEILQ027S, GDP","FRED NCBEILQ027S (Z.1 nonfinancial corp equities market value, $M) / GDP ($B nominal SAAR) x100; quarterly; Fed Z.1 market-cap-to-GDP (Buffett Indicator); long-term valuation context, not investment advice"
1993-10-01,US,buffett_indicator,4865.3,7013.7,69.4,"FRED (fredgraph.csv): NCBEILQ027S, GDP","FRED NCBEILQ027S (Z.1 nonfinancial corp equities market value, $M) / GDP ($B nominal SAAR) x100; quarterly; Fed Z.1 market-cap-to-GDP (Buffett Indicator); long-term valuation context, not investment advice"
1994-01-01,US,buffett_indicator,4658.8,7115.7,65.5,"FRED (fredgraph.csv): NCBEILQ027S, GDP","FRED NCBEILQ027S (Z.1 nonfinancial corp equities market value, $M) / GDP ($B nominal SAAR) x100; quarterly; Fed Z.1 market-cap-to-GDP (Buffett Indicator); long-term valuation context, not investment advice"
1994-04-01,US,buffett_indicator,4573.1,7246.9,63.1,"FRED (fredgraph.csv): NCBEILQ027S, GDP","FRED NCBEILQ027S (Z.1 nonfinancial corp equities market value, $M) / GDP ($B nominal SAAR) x100; quarterly; Fed Z.1 market-cap-to-GDP (Buffett Indicator); long-term valuation context, not investment advice"
1994-07-01,US,buffett_indicator,4833.6,7331.1,65.9,"FRED (fredgraph.csv): NCBEILQ027S, GDP","FRED NCBEILQ027S (Z.1 nonfinancial corp equities market value, $M) / GDP ($B nominal SAAR) x100; quarterly; Fed Z.1 market-cap-to-GDP (Buffett Indicator); long-term valuation context, not investment advice"
1994-10-01,US,buffett_indicator,4831.6,7455.3,64.8,"FRED (fredgraph.csv): NCBEILQ027S, GDP","FRED NCBEILQ027S (Z.1 nonfinancial corp equities market value, $M) / GDP ($B nominal SAAR) x100; quarterly; Fed Z.1 market-cap-to-GDP (Buffett Indicator); long-term valuation context, not investment advice"
1995-01-01,US,buffett_indicator,5203.2,7522.3,69.2,"FRED (fredgraph.csv): NCBEILQ027S, GDP","FRED NCBEILQ027S (Z.1 nonfinancial corp equities market value, $M) / GDP ($B nominal SAAR) x100; quarterly; Fed Z.1 market-cap-to-GDP (Buffett Indicator); long-term valuation context, not investment advice"
1995-04-01,US,buffett_indicator,5633.1,7581.0,74.3,"FRED (fredgraph.csv): NCBEILQ027S, GDP","FRED NCBEILQ027S (Z.1 nonfinancial corp equities market value, $M) / GDP ($B nominal SAAR) x100; quarterly; Fed Z.1 market-cap-to-GDP (Buffett Indicator); long-term valuation context, not investment advice"
1995-07-01,US,buffett_indicator,6064.6,7683.1,78.9,"FRED (fredgraph.csv): NCBEILQ027S, GDP","FRED NCBEILQ027S (Z.1 nonfinancial corp equities market value, $M) / GDP ($B nominal SAAR) x100; quarterly; Fed Z.1 market-cap-to-GDP (Buffett Indicator); long-term valuation context, not investment advice"
1995-10-01,US,buffett_indicator,6450.0,7772.6,83.0,"FRED (fredgraph.csv): NCBEILQ027S, GDP","FRED NCBEILQ027S (Z.1 nonfinancial corp equities market value, $M) / GDP ($B nominal SAAR) x100; quarterly; Fed Z.1 market-cap-to-GDP (Buffett Indicator); long-term valuation context, not investment advice"
1996-01-01,US,buffett_indicator,6728.7,7868.5,85.5,"FRED (fredgraph.csv): NCBEILQ027S, GDP","FRED NCBEILQ027S (Z.1 nonfinancial corp equities market value, $M) / GDP ($B nominal SAAR) x100; quarterly; Fed Z.1 market-cap-to-GDP (Buffett Indicator); long-term valuation context, not investment advice"
1996-04-01,US,buffett_indicator,7035.6,8032.8,87.6,"FRED (fredgraph.csv): NCBEILQ027S, GDP","FRED NCBEILQ027S (Z.1 nonfinancial corp equities market value, $M) / GDP ($B nominal SAAR) x100; quarterly; Fed Z.1 market-cap-to-GDP (Buffett Indicator); long-term valuation context, not investment advice"
1996-07-01,US,buffett_indicator,7100.4,8131.4,87.3,"FRED (fredgraph.csv): NCBEILQ027S, GDP","FRED NCBEILQ027S (Z.1 nonfinancial corp equities market value, $M) / GDP ($B nominal SAAR) x100; quarterly; Fed Z.1 market-cap-to-GDP (Buffett Indicator); long-term valuation context, not investment advice"
1996-10-01,US,buffett_indicator,7403.5,8259.8,89.6,"FRED (fredgraph.csv): NCBEILQ027S, GDP","FRED NCBEILQ027S (Z.1 nonfinancial corp equities market value, $M) / GDP ($B nominal SAAR) x100; quarterly; Fed Z.1 market-cap-to-GDP (Buffett Indicator); long-term valuation context, not investment advice"
1997-01-01,US,buffett_indicator,7453.3,8362.7,89.1,"FRED (fredgraph.csv): NCBEILQ027S, GDP","FRED NCBEILQ027S (Z.1 nonfinancial corp equities market value, $M) / GDP ($B nominal SAAR) x100; quarterly; Fed Z.1 market-cap-to-GDP (Buffett Indicator); long-term valuation context, not investment advice"
1997-04-01,US,buffett_indicator,8595.7,8518.8,100.9,"FRED (fredgraph.csv): NCBEILQ027S, GDP","FRED NCBEILQ027S (Z.1 nonfinancial corp equities market value, $M) / GDP ($B nominal SAAR) x100; quarterly; Fed Z.1 market-cap-to-GDP (Buffett Indicator); long-term valuation context, not investment advice"
1997-07-01,US,buffett_indicator,9304.6,8662.8,107.4,"FRED (fredgraph.csv): NCBEILQ027S, GDP","FRED NCBEILQ027S (Z.1 nonfinancial corp equities market value, $M) / GDP ($B nominal SAAR) x100; quarterly; Fed Z.1 market-cap-to-GDP (Buffett Indicator); long-term valuation context, not investment advice"
1997-10-01,US,buffett_indicator,9429.9,8765.9,107.6,"FRED (fredgraph.csv): NCBEILQ027S, GDP","FRED NCBEILQ027S (Z.1 nonfinancial corp equities market value, $M) / GDP ($B nominal SAAR) x100; quarterly; Fed Z.1 market-cap-to-GDP (Buffett Indicator); long-term valuation context, not investment advice"
1998-01-01,US,buffett_indicator,10786.8,8866.5,121.7,"FRED (fredgraph.csv): NCBEILQ027S, GDP","FRED NCBEILQ027S (Z.1 nonfinancial corp equities market value, $M) / GDP ($B nominal SAAR) x100; quarterly; Fed Z.1 market-cap-to-GDP (Buffett Indicator); long-term valuation context, not investment advice"
1998-04-01,US,buffett_indicator,10983.1,8969.7,122.4,"FRED (fredgraph.csv): NCBEILQ027S, GDP","FRED NCBEILQ027S (Z.1 nonfinancial corp equities market value, $M) / GDP ($B nominal SAAR) x100; quarterly; Fed Z.1 market-cap-to-GDP (Buffett Indicator); long-term valuation context, not investment advice"
1998-07-01,US,buffett_indicator,9912.8,9121.1,108.7,"FRED (fredgraph.csv): NCBEILQ027S, GDP","FRED NCBEILQ027S (Z.1 nonfinancial corp equities market value, $M) / GDP ($B nominal SAAR) x100; quarterly; Fed Z.1 market-cap-to-GDP (Buffett Indicator); long-term valuation context, not investment advice"
1998-10-01,US,buffett_indicator,11882.0,9294.0,127.8,"FRED (fredgraph.csv): NCBEILQ027S, GDP","FRED NCBEILQ027S (Z.1 nonfinancial corp equities market value, $M) / GDP ($B nominal SAAR) x100; quarterly; Fed Z.1 market-cap-to-GDP (Buffett Indicator); long-term valuation context, not investment advice"
1999-01-01,US,buffett_indicator,12155.9,9411.7,129.2,"FRED (fredgraph.csv): NCBEILQ027S, GDP","FRED NCBEILQ027S (Z.1 nonfinancial corp equities market value, $M) / GDP ($B nominal SAAR) x100; quarterly; Fed Z.1 market-cap-to-GDP (Buffett Indicator); long-term valuation context, not investment advice"
1999-04-01,US,buffett_indicator,13208.1,9526.2,138.7,"FRED (fredgraph.csv): NCBEILQ027S, GDP","FRED NCBEILQ027S (Z.1 nonfinancial corp equities market value, $M) / GDP ($B nominal SAAR) x100; quarterly; Fed Z.1 market-cap-to-GDP (Buffett Indicator); long-term valuation context, not investment advice"
1999-07-01,US,buffett_indicator,12699.1,9686.6,131.1,"FRED (fredgraph.csv): NCBEILQ027S, GDP","FRED NCBEILQ027S (Z.1 nonfinancial corp equities market value, $M) / GDP ($B nominal SAAR) x100; quarterly; Fed Z.1 market-cap-to-GDP (Buffett Indicator); long-term valuation context, not investment advice"
1999-10-01,US,buffett_indicator,15383.8,9900.2,155.4,"FRED (fredgraph.csv): NCBEILQ027S, GDP","FRED NCBEILQ027S (Z.1 nonfinancial corp equities market value, $M) / GDP ($B nominal SAAR) x100; quarterly; Fed Z.1 market-cap-to-GDP (Buffett Indicator); long-term valuation context, not investment advice"
2000-01-01,US,buffett_indicator,16264.2,10002.2,162.6,"FRED (fredgraph.csv): NCBEILQ027S, GDP","FRED NCBEILQ027S (Z.1 nonfinancial corp equities market value, $M) / GDP ($B nominal SAAR) x100; quarterly; Fed Z.1 market-cap-to-GDP (Buffett Indicator); long-term valuation context, not investment advice"
2000-04-01,US,buffett_indicator,15615.2,10247.7,152.4,"FRED (fredgraph.csv): NCBEILQ027S, GDP","FRED NCBEILQ027S (Z.1 nonfinancial corp equities market value, $M) / GDP ($B nominal SAAR) x100; quarterly; Fed Z.1 market-cap-to-GDP (Buffett Indicator); long-term valuation context, not investment advice"
2000-07-01,US,buffett_indicator,15260.4,10318.2,147.9,"FRED (fredgraph.csv): NCBEILQ027S, GDP","FRED NCBEILQ027S (Z.1 nonfinancial corp equities market value, $M) / GDP ($B nominal SAAR) x100; quarterly; Fed Z.1 market-cap-to-GDP (Buffett Indicator); long-term valuation context, not investment advice"
2000-10-01,US,buffett_indicator,13360.9,10435.7,128.0,"FRED (fredgraph.csv): NCBEILQ027S, GDP","FRED NCBEILQ027S (Z.1 nonfinancial corp equities market value, $M) / GDP ($B nominal SAAR) x100; quarterly; Fed Z.1 market-cap-to-GDP (Buffett Indicator); long-term valuation context, not investment advice"
2001-01-01,US,buffett_indicator,11800.9,10470.2,112.7,"FRED (fredgraph.csv): NCBEILQ027S, GDP","FRED NCBEILQ027S (Z.1 nonfinancial corp equities market value, $M) / GDP ($B nominal SAAR) x100; quarterly; Fed Z.1 market-cap-to-GDP (Buffett Indicator); long-term valuation context, not investment advice"
2001-04-01,US,buffett_indicator,12656.8,10599.0,119.4,"FRED (fredgraph.csv): NCBEILQ027S, GDP","FRED NCBEILQ027S (Z.1 nonfinancial corp equities market value, $M) / GDP ($B nominal SAAR) x100; quarterly; Fed Z.1 market-cap-to-GDP (Buffett Indicator); long-term valuation context, not investment advice"
2001-07-01,US,buffett_indicator,10609.4,10598.0,100.1,"FRED (fredgraph.csv): NCBEILQ027S, GDP","FRED NCBEILQ027S (Z.1 nonfinancial corp equities market value, $M) / GDP ($B nominal SAAR) x100; quarterly; Fed Z.1 market-cap-to-GDP (Buffett Indicator); long-term valuation context, not investment advice"
2001-10-01,US,buffett_indicator,11943.2,10660.5,112.0,"FRED (fredgraph.csv): NCBEILQ027S, GDP","FRED NCBEILQ027S (Z.1 nonfinancial corp equities market value, $M) / GDP ($B nominal SAAR) x100; quarterly; Fed Z.1 market-cap-to-GDP (Buffett Indicator); long-term valuation context, not investment advice"
2002-01-01,US,buffett_indicator,12002.9,10783.5,111.3,"FRED (fredgraph.csv): NCBEILQ027S, GDP","FRED NCBEILQ027S (Z.1 nonfinancial corp equities market value, $M) / GDP ($B nominal SAAR) x100; quarterly; Fed Z.1 market-cap-to-GDP (Buffett Indicator); long-term valuation context, not investment advice"
2002-04-01,US,buffett_indicator,10417.5,10887.5,95.7,"FRED (fredgraph.csv): NCBEILQ027S, GDP","FRED NCBEILQ027S (Z.1 nonfinancial corp equities market value, $M) / GDP ($B nominal SAAR) x100; quarterly; Fed Z.1 market-cap-to-GDP (Buffett Indicator); long-term valuation context, not investment advice"
2002-07-01,US,buffett_indicator,8666.6,10984.0,78.9,"FRED (fredgraph.csv): NCBEILQ027S, GDP","FRED NCBEILQ027S (Z.1 nonfinancial corp equities market value, $M) / GDP ($B nominal SAAR) x100; quarterly; Fed Z.1 market-cap-to-GDP (Buffett Indicator); long-term valuation context, not investment advice"
2002-10-01,US,buffett_indicator,9268.7,11061.4,83.8,"FRED (fredgraph.csv): NCBEILQ027S, GDP","FRED NCBEILQ027S (Z.1 nonfinancial corp equities market value, $M) / GDP ($B nominal SAAR) x100; quarterly; Fed Z.1 market-cap-to-GDP (Buffett Indicator); long-term valuation context, not investment advice"
2003-01-01,US,buffett_indicator,9023.3,11174.1,80.8,"FRED (fredgraph.csv): NCBEILQ027S, GDP","FRED NCBEILQ027S (Z.1 nonfinancial corp equities market value, $M) / GDP ($B nominal SAAR) x100; quarterly; Fed Z.1 market-cap-to-GDP (Buffett Indicator); long-term valuation context, not investment advice"
2003-04-01,US,buffett_indicator,10369.0,11312.8,91.7,"FRED (fredgraph.csv): NCBEILQ027S, GDP","FRED NCBEILQ027S (Z.1 nonfinancial corp equities market value, $M) / GDP ($B nominal SAAR) x100; quarterly; Fed Z.1 market-cap-to-GDP (Buffett Indicator); long-term valuation context, not investment advice"
2003-07-01,US,buffett_indicator,10766.6,11566.7,93.1,"FRED (fredgraph.csv): NCBEILQ027S, GDP","FRED NCBEILQ027S (Z.1 nonfinancial corp equities market value, $M) / GDP ($B nominal SAAR) x100; quarterly; Fed Z.1 market-cap-to-GDP (Buffett Indicator); long-term valuation context, not investment advice"
2003-10-01,US,buffett_indicator,11931.5,11772.2,101.4,"FRED (fredgraph.csv): NCBEILQ027S, GDP","FRED NCBEILQ027S (Z.1 nonfinancial corp equities market value, $M) / GDP ($B nominal SAAR) x100; quarterly; Fed Z.1 market-cap-to-GDP (Buffett Indicator); long-term valuation context, not investment advice"
2004-01-01,US,buffett_indicator,12339.0,11923.4,103.5,"FRED (fredgraph.csv): NCBEILQ027S, GDP","FRED NCBEILQ027S (Z.1 nonfinancial corp equities market value, $M) / GDP ($B nominal SAAR) x100; quarterly; Fed Z.1 market-cap-to-GDP (Buffett Indicator); long-term valuation context, not investment advice"
2004-04-01,US,buffett_indicator,12636.6,12112.8,104.3,"FRED (fredgraph.csv): NCBEILQ027S, GDP","FRED NCBEILQ027S (Z.1 nonfinancial corp equities market value, $M) / GDP ($B nominal SAAR) x100; quarterly; Fed Z.1 market-cap-to-GDP (Buffett Indicator); long-term valuation context, not investment advice"
2004-07-01,US,buffett_indicator,12344.6,12305.3,100.3,"FRED (fredgraph.csv): NCBEILQ027S, GDP","FRED NCBEILQ027S (Z.1 nonfinancial corp equities market value, $M) / GDP ($B nominal SAAR) x100; quarterly; Fed Z.1 market-cap-to-GDP (Buffett Indicator); long-term valuation context, not investment advice"
2004-10-01,US,buffett_indicator,13516.5,12527.2,107.9,"FRED (fredgraph.csv): NCBEILQ027S, GDP","FRED NCBEILQ027S (Z.1 nonfinancial corp equities market value, $M) / GDP ($B nominal SAAR) x100; quarterly; Fed Z.1 market-cap-to-GDP (Buffett Indicator); long-term valuation context, not investment advice"
2005-01-01,US,buffett_indicator,13463.9,12767.3,105.5,"FRED (fredgraph.csv): NCBEILQ027S, GDP","FRED NCBEILQ027S (Z.1 nonfinancial corp equities market value, $M) / GDP ($B nominal SAAR) x100; quarterly; Fed Z.1 market-cap-to-GDP (Buffett Indicator); long-term valuation context, not investment advice"
2005-04-01,US,buffett_indicator,13737.0,12922.7,106.3,"FRED (fredgraph.csv): NCBEILQ027S, GDP","FRED NCBEILQ027S (Z.1 nonfinancial corp equities market value, $M) / GDP ($B nominal SAAR) x100; quarterly; Fed Z.1 market-cap-to-GDP (Buffett Indicator); long-term valuation context, not investment advice"
2005-07-01,US,buffett_indicator,14223.3,13142.6,108.2,"FRED (fredgraph.csv): NCBEILQ027S, GDP","FRED NCBEILQ027S (Z.1 nonfinancial corp equities market value, $M) / GDP ($B nominal SAAR) x100; quarterly; Fed Z.1 market-cap-to-GDP (Buffett Indicator); long-term valuation context, not investment advice"
2005-10-01,US,buffett_indicator,14216.7,13324.2,106.7,"FRED (fredgraph.csv): NCBEILQ027S, GDP","FRED NCBEILQ027S (Z.1 nonfinancial corp equities market value, $M) / GDP ($B nominal SAAR) x100; quarterly; Fed Z.1 market-cap-to-GDP (Buffett Indicator); long-term valuation context, not investment advice"
2006-01-01,US,buffett_indicator,15232.6,13599.2,112.0,"FRED (fredgraph.csv): NCBEILQ027S, GDP","FRED NCBEILQ027S (Z.1 nonfinancial corp equities market value, $M) / GDP ($B nominal SAAR) x100; quarterly; Fed Z.1 market-cap-to-GDP (Buffett Indicator); long-term valuation context, not investment advice"
2006-04-01,US,buffett_indicator,14744.6,13753.4,107.2,"FRED (fredgraph.csv): NCBEILQ027S, GDP","FRED NCBEILQ027S (Z.1 nonfinancial corp equities market value, $M) / GDP ($B nominal SAAR) x100; quarterly; Fed Z.1 market-cap-to-GDP (Buffett Indicator); long-term valuation context, not investment advice"
2006-07-01,US,buffett_indicator,15145.3,13870.2,109.2,"FRED (fredgraph.csv): NCBEILQ027S, GDP","FRED NCBEILQ027S (Z.1 nonfinancial corp equities market value, $M) / GDP ($B nominal SAAR) x100; quarterly; Fed Z.1 market-cap-to-GDP (Buffett Indicator); long-term valuation context, not investment advice"
2006-10-01,US,buffett_indicator,16022.5,14039.6,114.1,"FRED (fredgraph.csv): NCBEILQ027S, GDP","FRED NCBEILQ027S (Z.1 nonfinancial corp equities market value, $M) / GDP ($B nominal SAAR) x100; quarterly; Fed Z.1 market-cap-to-GDP (Buffett Indicator); long-term valuation context, not investment advice"
2007-01-01,US,buffett_indicator,16655.9,14215.7,117.2,"FRED (fredgraph.csv): NCBEILQ027S, GDP","FRED NCBEILQ027S (Z.1 nonfinancial corp equities market value, $M) / GDP ($B nominal SAAR) x100; quarterly; Fed Z.1 market-cap-to-GDP (Buffett Indicator); long-term valuation context, not investment advice"
2007-04-01,US,buffett_indicator,17392.1,14402.1,120.8,"FRED (fredgraph.csv): NCBEILQ027S, GDP","FRED NCBEILQ027S (Z.1 nonfinancial corp equities market value, $M) / GDP ($B nominal SAAR) x100; quarterly; Fed Z.1 market-cap-to-GDP (Buffett Indicator); long-term valuation context, not investment advice"
2007-07-01,US,buffett_indicator,17569.2,14564.1,120.6,"FRED (fredgraph.csv): NCBEILQ027S, GDP","FRED NCBEILQ027S (Z.1 nonfinancial corp equities market value, $M) / GDP ($B nominal SAAR) x100; quarterly; Fed Z.1 market-cap-to-GDP (Buffett Indicator); long-term valuation context, not investment advice"
2007-10-01,US,buffett_indicator,16913.6,14715.1,114.9,"FRED (fredgraph.csv): NCBEILQ027S, GDP","FRED NCBEILQ027S (Z.1 nonfinancial corp equities market value, $M) / GDP ($B nominal SAAR) x100; quarterly; Fed Z.1 market-cap-to-GDP (Buffett Indicator); long-term valuation context, not investment advice"
2008-01-01,US,buffett_indicator,15604.8,14706.5,106.1,"FRED (fredgraph.csv): NCBEILQ027S, GDP","FRED NCBEILQ027S (Z.1 nonfinancial corp equities market value, $M) / GDP ($B nominal SAAR) x100; quarterly; Fed Z.1 market-cap-to-GDP (Buffett Indicator); long-term valuation context, not investment advice"
2008-04-01,US,buffett_indicator,15443.3,14865.7,103.9,"FRED (fredgraph.csv): NCBEILQ027S, GDP","FRED NCBEILQ027S (Z.1 nonfinancial corp equities market value, $M) / GDP ($B nominal SAAR) x100; quarterly; Fed Z.1 market-cap-to-GDP (Buffett Indicator); long-term valuation context, not investment advice"
2008-07-01,US,buffett_indicator,13819.5,14899.0,92.8,"FRED (fredgraph.csv): NCBEILQ027S, GDP","FRED NCBEILQ027S (Z.1 nonfinancial corp equities market value, $M) / GDP ($B nominal SAAR) x100; quarterly; Fed Z.1 market-cap-to-GDP (Buffett Indicator); long-term valuation context, not investment advice"
2008-10-01,US,buffett_indicator,11037.1,14608.2,75.6,"FRED (fredgraph.csv): NCBEILQ027S, GDP","FRED NCBEILQ027S (Z.1 nonfinancial corp equities market value, $M) / GDP ($B nominal SAAR) x100; quarterly; Fed Z.1 market-cap-to-GDP (Buffett Indicator); long-term valuation context, not investment advice"
2009-01-01,US,buffett_indicator,9957.4,14430.9,69.0,"FRED (fredgraph.csv): NCBEILQ027S, GDP","FRED NCBEILQ027S (Z.1 nonfinancial corp equities market value, $M) / GDP ($B nominal SAAR) x100; quarterly; Fed Z.1 market-cap-to-GDP (Buffett Indicator); long-term valuation context, not investment advice"
2009-04-01,US,buffett_indicator,11350.9,14381.2,78.9,"FRED (fredgraph.csv): NCBEILQ027S, GDP","FRED NCBEILQ027S (Z.1 nonfinancial corp equities market value, $M) / GDP ($B nominal SAAR) x100; quarterly; Fed Z.1 market-cap-to-GDP (Buffett Indicator); long-term valuation context, not investment advice"
2009-07-01,US,buffett_indicator,12975.3,14448.9,89.8,"FRED (fredgraph.csv): NCBEILQ027S, GDP","FRED NCBEILQ027S (Z.1 nonfinancial corp equities market value, $M) / GDP ($B nominal SAAR) x100; quarterly; Fed Z.1 market-cap-to-GDP (Buffett Indicator); long-term valuation context, not investment advice"
2009-10-01,US,buffett_indicator,13673.9,14651.2,93.3,"FRED (fredgraph.csv): NCBEILQ027S, GDP","FRED NCBEILQ027S (Z.1 nonfinancial corp equities market value, $M) / GDP ($B nominal SAAR) x100; quarterly; Fed Z.1 market-cap-to-GDP (Buffett Indicator); long-term valuation context, not investment advice"
2010-01-01,US,buffett_indicator,14221.5,14764.6,96.3,"FRED (fredgraph.csv): NCBEILQ027S, GDP","FRED NCBEILQ027S (Z.1 nonfinancial corp equities market value, $M) / GDP ($B nominal SAAR) x100; quarterly; Fed Z.1 market-cap-to-GDP (Buffett Indicator); long-term valuation context, not investment advice"
2010-04-01,US,buffett_indicator,12774.7,14980.2,85.3,"FRED (fredgraph.csv): NCBEILQ027S, GDP","FRED NCBEILQ027S (Z.1 nonfinancial corp equities market value, $M) / GDP ($B nominal SAAR) x100; quarterly; Fed Z.1 market-cap-to-GDP (Buffett Indicator); long-term valuation context, not investment advice"
2010-07-01,US,buffett_indicator,14162.1,15141.6,93.5,"FRED (fredgraph.csv): NCBEILQ027S, GDP","FRED NCBEILQ027S (Z.1 nonfinancial corp equities market value, $M) / GDP ($B nominal SAAR) x100; quarterly; Fed Z.1 market-cap-to-GDP (Buffett Indicator); long-term valuation context, not investment advice"
2010-10-01,US,buffett_indicator,15565.1,15309.5,101.7,"FRED (fredgraph.csv): NCBEILQ027S, GDP","FRED NCBEILQ027S (Z.1 nonfinancial corp equities market value, $M) / GDP ($B nominal SAAR) x100; quarterly; Fed Z.1 market-cap-to-GDP (Buffett Indicator); long-term valuation context, not investment advice"
2011-01-01,US,buffett_indicator,16567.1,15351.4,107.9,"FRED (fredgraph.csv): NCBEILQ027S, GDP","FRED NCBEILQ027S (Z.1 nonfinancial corp equities market value, $M) / GDP ($B nominal SAAR) x100; quarterly; Fed Z.1 market-cap-to-GDP (Buffett Indicator); long-term valuation context, not investment advice"
2011-04-01,US,buffett_indicator,16518.6,15557.5,106.2,"FRED (fredgraph.csv): NCBEILQ027S, GDP","FRED NCBEILQ027S (Z.1 nonfinancial corp equities market value, $M) / GDP ($B nominal SAAR) x100; quarterly; Fed Z.1 market-cap-to-GDP (Buffett Indicator); long-term valuation context, not investment advice"
2011-07-01,US,buffett_indicator,14189.9,15647.7,90.7,"FRED (fredgraph.csv): NCBEILQ027S, GDP","FRED NCBEILQ027S (Z.1 nonfinancial corp equities market value, $M) / GDP ($B nominal SAAR) x100; quarterly; Fed Z.1 market-cap-to-GDP (Buffett Indicator); long-term valuation context, not investment advice"
2011-10-01,US,buffett_indicator,15597.0,15842.3,98.5,"FRED (fredgraph.csv): NCBEILQ027S, GDP","FRED NCBEILQ027S (Z.1 nonfinancial corp equities market value, $M) / GDP ($B nominal SAAR) x100; quarterly; Fed Z.1 market-cap-to-GDP (Buffett Indicator); long-term valuation context, not investment advice"
2012-01-01,US,buffett_indicator,17018.7,16068.8,105.9,"FRED (fredgraph.csv): NCBEILQ027S, GDP","FRED NCBEILQ027S (Z.1 nonfinancial corp equities market value, $M) / GDP ($B nominal SAAR) x100; quarterly; Fed Z.1 market-cap-to-GDP (Buffett Indicator); long-term valuation context, not investment advice"
2012-04-01,US,buffett_indicator,16544.8,16207.1,102.1,"FRED (fredgraph.csv): NCBEILQ027S, GDP","FRED NCBEILQ027S (Z.1 nonfinancial corp equities market value, $M) / GDP ($B nominal SAAR) x100; quarterly; Fed Z.1 market-cap-to-GDP (Buffett Indicator); long-term valuation context, not investment advice"
2012-07-01,US,buffett_indicator,17646.9,16319.5,108.1,"FRED (fredgraph.csv): NCBEILQ027S, GDP","FRED NCBEILQ027S (Z.1 nonfinancial corp equities market value, $M) / GDP ($B nominal SAAR) x100; quarterly; Fed Z.1 market-cap-to-GDP (Buffett Indicator); long-term valuation context, not investment advice"
2012-10-01,US,buffett_indicator,17484.5,16420.4,106.5,"FRED (fredgraph.csv): NCBEILQ027S, GDP","FRED NCBEILQ027S (Z.1 nonfinancial corp equities market value, $M) / GDP ($B nominal SAAR) x100; quarterly; Fed Z.1 market-cap-to-GDP (Buffett Indicator); long-term valuation context, not investment advice"
2013-01-01,US,buffett_indicator,19638.7,16648.2,118.0,"FRED (fredgraph.csv): NCBEILQ027S, GDP","FRED NCBEILQ027S (Z.1 nonfinancial corp equities market value, $M) / GDP ($B nominal SAAR) x100; quarterly; Fed Z.1 market-cap-to-GDP (Buffett Indicator); long-term valuation context, not investment advice"
2013-04-01,US,buffett_indicator,19999.6,16728.7,119.6,"FRED (fredgraph.csv): NCBEILQ027S, GDP","FRED NCBEILQ027S (Z.1 nonfinancial corp equities market value, $M) / GDP ($B nominal SAAR) x100; quarterly; Fed Z.1 market-cap-to-GDP (Buffett Indicator); long-term valuation context, not investment advice"
2013-07-01,US,buffett_indicator,21082.9,16953.8,124.4,"FRED (fredgraph.csv): NCBEILQ027S, GDP","FRED NCBEILQ027S (Z.1 nonfinancial corp equities market value, $M) / GDP ($B nominal SAAR) x100; quarterly; Fed Z.1 market-cap-to-GDP (Buffett Indicator); long-term valuation context, not investment advice"
2013-10-01,US,buffett_indicator,22684.0,17192.0,131.9,"FRED (fredgraph.csv): NCBEILQ027S, GDP","FRED NCBEILQ027S (Z.1 nonfinancial corp equities market value, $M) / GDP ($B nominal SAAR) x100; quarterly; Fed Z.1 market-cap-to-GDP (Buffett Indicator); long-term valuation context, not investment advice"
2014-01-01,US,buffett_indicator,23437.3,17197.7,136.3,"FRED (fredgraph.csv): NCBEILQ027S, GDP","FRED NCBEILQ027S (Z.1 nonfinancial corp equities market value, $M) / GDP ($B nominal SAAR) x100; quarterly; Fed Z.1 market-cap-to-GDP (Buffett Indicator); long-term valuation context, not investment advice"
2014-04-01,US,buffett_indicator,24512.2,17518.5,139.9,"FRED (fredgraph.csv): NCBEILQ027S, GDP","FRED NCBEILQ027S (Z.1 nonfinancial corp equities market value, $M) / GDP ($B nominal SAAR) x100; quarterly; Fed Z.1 market-cap-to-GDP (Buffett Indicator); long-term valuation context, not investment advice"
2014-07-01,US,buffett_indicator,24322.1,17804.2,136.6,"FRED (fredgraph.csv): NCBEILQ027S, GDP","FRED NCBEILQ027S (Z.1 nonfinancial corp equities market value, $M) / GDP ($B nominal SAAR) x100; quarterly; Fed Z.1 market-cap-to-GDP (Buffett Indicator); long-term valuation context, not investment advice"
2014-10-01,US,buffett_indicator,25320.3,17912.1,141.4,"FRED (fredgraph.csv): NCBEILQ027S, GDP","FRED NCBEILQ027S (Z.1 nonfinancial corp equities market value, $M) / GDP ($B nominal SAAR) x100; quarterly; Fed Z.1 market-cap-to-GDP (Buffett Indicator); long-term valuation context, not investment advice"
2015-01-01,US,buffett_indicator,25497.1,18063.5,141.2,"FRED (fredgraph.csv): NCBEILQ027S, GDP","FRED NCBEILQ027S (Z.1 nonfinancial corp equities market value, $M) / GDP ($B nominal SAAR) x100; quarterly; Fed Z.1 market-cap-to-GDP (Buffett Indicator); long-term valuation context, not investment advice"
2015-04-01,US,buffett_indicator,25189.3,18279.8,137.8,"FRED (fredgraph.csv): NCBEILQ027S, GDP","FRED NCBEILQ027S (Z.1 nonfinancial corp equities market value, $M) / GDP ($B nominal SAAR) x100; quarterly; Fed Z.1 market-cap-to-GDP (Buffett Indicator); long-term valuation context, not investment advice"
2015-07-01,US,buffett_indicator,23284.7,18401.6,126.5,"FRED (fredgraph.csv): NCBEILQ027S, GDP","FRED NCBEILQ027S (Z.1 nonfinancial corp equities market value, $M) / GDP ($B nominal SAAR) x100; quarterly; Fed Z.1 market-cap-to-GDP (Buffett Indicator); long-term valuation context, not investment advice"
2015-10-01,US,buffett_indicator,24352.3,18435.1,132.1,"FRED (fredgraph.csv): NCBEILQ027S, GDP","FRED NCBEILQ027S (Z.1 nonfinancial corp equities market value, $M) / GDP ($B nominal SAAR) x100; quarterly; Fed Z.1 market-cap-to-GDP (Buffett Indicator); long-term valuation context, not investment advice"
2016-01-01,US,buffett_indicator,24766.5,18525.9,133.7,"FRED (fredgraph.csv): NCBEILQ027S, GDP","FRED NCBEILQ027S (Z.1 nonfinancial corp equities market value, $M) / GDP ($B nominal SAAR) x100; quarterly; Fed Z.1 market-cap-to-GDP (Buffett Indicator); long-term valuation context, not investment advice"
2016-04-01,US,buffett_indicator,25256.6,18711.7,135.0,"FRED (fredgraph.csv): NCBEILQ027S, GDP","FRED NCBEILQ027S (Z.1 nonfinancial corp equities market value, $M) / GDP ($B nominal SAAR) x100; quarterly; Fed Z.1 market-cap-to-GDP (Buffett Indicator); long-term valuation context, not investment advice"
2016-07-01,US,buffett_indicator,25848.6,18892.6,136.8,"FRED (fredgraph.csv): NCBEILQ027S, GDP","FRED NCBEILQ027S (Z.1 nonfinancial corp equities market value, $M) / GDP ($B nominal SAAR) x100; quarterly; Fed Z.1 market-cap-to-GDP (Buffett Indicator); long-term valuation context, not investment advice"
2016-10-01,US,buffett_indicator,25859.8,19089.4,135.5,"FRED (fredgraph.csv): NCBEILQ027S, GDP","FRED NCBEILQ027S (Z.1 nonfinancial corp equities market value, $M) / GDP ($B nominal SAAR) x100; quarterly; Fed Z.1 market-cap-to-GDP (Buffett Indicator); long-term valuation context, not investment advice"
2017-01-01,US,buffett_indicator,27264.6,19280.1,141.4,"FRED (fredgraph.csv): NCBEILQ027S, GDP","FRED NCBEILQ027S (Z.1 nonfinancial corp equities market value, $M) / GDP ($B nominal SAAR) x100; quarterly; Fed Z.1 market-cap-to-GDP (Buffett Indicator); long-term valuation context, not investment advice"
2017-04-01,US,buffett_indicator,27699.1,19438.6,142.5,"FRED (fredgraph.csv): NCBEILQ027S, GDP","FRED NCBEILQ027S (Z.1 nonfinancial corp equities market value, $M) / GDP ($B nominal SAAR) x100; quarterly; Fed Z.1 market-cap-to-GDP (Buffett Indicator); long-term valuation context, not investment advice"
2017-07-01,US,buffett_indicator,28462.1,19692.6,144.5,"FRED (fredgraph.csv): NCBEILQ027S, GDP","FRED NCBEILQ027S (Z.1 nonfinancial corp equities market value, $M) / GDP ($B nominal SAAR) x100; quarterly; Fed Z.1 market-cap-to-GDP (Buffett Indicator); long-term valuation context, not investment advice"
2017-10-01,US,buffett_indicator,30027.9,20037.1,149.9,"FRED (fredgraph.csv): NCBEILQ027S, GDP","FRED NCBEILQ027S (Z.1 nonfinancial corp equities market value, $M) / GDP ($B nominal SAAR) x100; quarterly; Fed Z.1 market-cap-to-GDP (Buffett Indicator); long-term valuation context, not investment advice"
2018-01-01,US,buffett_indicator,29749.6,20328.6,146.3,"FRED (fredgraph.csv): NCBEILQ027S, GDP","FRED NCBEILQ027S (Z.1 nonfinancial corp equities market value, $M) / GDP ($B nominal SAAR) x100; quarterly; Fed Z.1 market-cap-to-GDP (Buffett Indicator); long-term valuation context, not investment advice"
2018-04-01,US,buffett_indicator,30849.0,20580.9,149.9,"FRED (fredgraph.csv): NCBEILQ027S, GDP","FRED NCBEILQ027S (Z.1 nonfinancial corp equities market value, $M) / GDP ($B nominal SAAR) x100; quarterly; Fed Z.1 market-cap-to-GDP (Buffett Indicator); long-term valuation context, not investment advice"
2018-07-01,US,buffett_indicator,32564.6,20798.7,156.6,"FRED (fredgraph.csv): NCBEILQ027S, GDP","FRED NCBEILQ027S (Z.1 nonfinancial corp equities market value, $M) / GDP ($B nominal SAAR) x100; quarterly; Fed Z.1 market-cap-to-GDP (Buffett Indicator); long-term valuation context, not investment advice"
2018-10-01,US,buffett_indicator,27928.4,20917.9,133.5,"FRED (fredgraph.csv): NCBEILQ027S, GDP","FRED NCBEILQ027S (Z.1 nonfinancial corp equities market value, $M) / GDP ($B nominal SAAR) x100; quarterly; Fed Z.1 market-cap-to-GDP (Buffett Indicator); long-term valuation context, not investment advice"
2019-01-01,US,buffett_indicator,31842.9,21111.6,150.8,"FRED (fredgraph.csv): NCBEILQ027S, GDP","FRED NCBEILQ027S (Z.1 nonfinancial corp equities market value, $M) / GDP ($B nominal SAAR) x100; quarterly; Fed Z.1 market-cap-to-GDP (Buffett Indicator); long-term valuation context, not investment advice"
2019-04-01,US,buffett_indicator,32628.4,21397.9,152.5,"FRED (fredgraph.csv): NCBEILQ027S, GDP","FRED NCBEILQ027S (Z.1 nonfinancial corp equities market value, $M) / GDP ($B nominal SAAR) x100; quarterly; Fed Z.1 market-cap-to-GDP (Buffett Indicator); long-term valuation context, not investment advice"
2019-07-01,US,buffett_indicator,32784.2,21717.2,151.0,"FRED (fredgraph.csv): NCBEILQ027S, GDP","FRED NCBEILQ027S (Z.1 nonfinancial corp equities market value, $M) / GDP ($B nominal SAAR) x100; quarterly; Fed Z.1 market-cap-to-GDP (Buffett Indicator); long-term valuation context, not investment advice"
2019-10-01,US,buffett_indicator,35067.5,21933.2,159.9,"FRED (fredgraph.csv): NCBEILQ027S, GDP","FRED NCBEILQ027S (Z.1 nonfinancial corp equities market value, $M) / GDP ($B nominal SAAR) x100; quarterly; Fed Z.1 market-cap-to-GDP (Buffett Indicator); long-term valuation context, not investment advice"
2020-01-01,US,buffett_indicator,28006.5,21751.2,128.8,"FRED (fredgraph.csv): NCBEILQ027S, GDP","FRED NCBEILQ027S (Z.1 nonfinancial corp equities market value, $M) / GDP ($B nominal SAAR) x100; quarterly; Fed Z.1 market-cap-to-GDP (Buffett Indicator); long-term valuation context, not investment advice"
2020-04-01,US,buffett_indicator,34552.4,19958.3,173.1,"FRED (fredgraph.csv): NCBEILQ027S, GDP","FRED NCBEILQ027S (Z.1 nonfinancial corp equities market value, $M) / GDP ($B nominal SAAR) x100; quarterly; Fed Z.1 market-cap-to-GDP (Buffett Indicator); long-term valuation context, not investment advice"
2020-07-01,US,buffett_indicator,38116.0,21704.4,175.6,"FRED (fredgraph.csv): NCBEILQ027S, GDP","FRED NCBEILQ027S (Z.1 nonfinancial corp equities market value, $M) / GDP ($B nominal SAAR) x100; quarterly; Fed Z.1 market-cap-to-GDP (Buffett Indicator); long-term valuation context, not investment advice"
2020-10-01,US,buffett_indicator,43789.8,22087.2,198.3,"FRED (fredgraph.csv): NCBEILQ027S, GDP","FRED NCBEILQ027S (Z.1 nonfinancial corp equities market value, $M) / GDP ($B nominal SAAR) x100; quarterly; Fed Z.1 market-cap-to-GDP (Buffett Indicator); long-term valuation context, not investment advice"
2021-01-01,US,buffett_indicator,46709.5,22680.7,205.9,"FRED (fredgraph.csv): NCBEILQ027S, GDP","FRED NCBEILQ027S (Z.1 nonfinancial corp equities market value, $M) / GDP ($B nominal SAAR) x100; quarterly; Fed Z.1 market-cap-to-GDP (Buffett Indicator); long-term valuation context, not investment advice"
2021-04-01,US,buffett_indicator,50520.7,23425.9,215.7,"FRED (fredgraph.csv): NCBEILQ027S, GDP","FRED NCBEILQ027S (Z.1 nonfinancial corp equities market value, $M) / GDP ($B nominal SAAR) x100; quarterly; Fed Z.1 market-cap-to-GDP (Buffett Indicator); long-term valuation context, not investment advice"
2021-07-01,US,buffett_indicator,50552.1,23982.4,210.8,"FRED (fredgraph.csv): NCBEILQ027S, GDP","FRED NCBEILQ027S (Z.1 nonfinancial corp equities market value, $M) / GDP ($B nominal SAAR) x100; quarterly; Fed Z.1 market-cap-to-GDP (Buffett Indicator); long-term valuation context, not investment advice"
2021-10-01,US,buffett_indicator,54267.4,24813.6,218.7,"FRED (fredgraph.csv): NCBEILQ027S, GDP","FRED NCBEILQ027S (Z.1 nonfinancial corp equities market value, $M) / GDP ($B nominal SAAR) x100; quarterly; Fed Z.1 market-cap-to-GDP (Buffett Indicator); long-term valuation context, not investment advice"
2022-01-01,US,buffett_indicator,51242.4,25250.3,202.9,"FRED (fredgraph.csv): NCBEILQ027S, GDP","FRED NCBEILQ027S (Z.1 nonfinancial corp equities market value, $M) / GDP ($B nominal SAAR) x100; quarterly; Fed Z.1 market-cap-to-GDP (Buffett Indicator); long-term valuation context, not investment advice"
2022-04-01,US,buffett_indicator,42362.9,25861.3,163.8,"FRED (fredgraph.csv): NCBEILQ027S, GDP","FRED NCBEILQ027S (Z.1 nonfinancial corp equities market value, $M) / GDP ($B nominal SAAR) x100; quarterly; Fed Z.1 market-cap-to-GDP (Buffett Indicator); long-term valuation context, not investment advice"
2022-07-01,US,buffett_indicator,40369.8,26336.3,153.3,"FRED (fredgraph.csv): NCBEILQ027S, GDP","FRED NCBEILQ027S (Z.1 nonfinancial corp equities market value, $M) / GDP ($B nominal SAAR) x100; quarterly; Fed Z.1 market-cap-to-GDP (Buffett Indicator); long-term valuation context, not investment advice"
2022-10-01,US,buffett_indicator,42069.8,26770.5,157.1,"FRED (fredgraph.csv): NCBEILQ027S, GDP","FRED NCBEILQ027S (Z.1 nonfinancial corp equities market value, $M) / GDP ($B nominal SAAR) x100; quarterly; Fed Z.1 market-cap-to-GDP (Buffett Indicator); long-term valuation context, not investment advice"
2023-01-01,US,buffett_indicator,45421.7,27216.4,166.9,"FRED (fredgraph.csv): NCBEILQ027S, GDP","FRED NCBEILQ027S (Z.1 nonfinancial corp equities market value, $M) / GDP ($B nominal SAAR) x100; quarterly; Fed Z.1 market-cap-to-GDP (Buffett Indicator); long-term valuation context, not investment advice"
2023-04-01,US,buffett_indicator,48934.6,27530.1,177.7,"FRED (fredgraph.csv): NCBEILQ027S, GDP","FRED NCBEILQ027S (Z.1 nonfinancial corp equities market value, $M) / GDP ($B nominal SAAR) x100; quarterly; Fed Z.1 market-cap-to-GDP (Buffett Indicator); long-term valuation context, not investment advice"
2023-07-01,US,buffett_indicator,46925.1,28074.8,167.1,"FRED (fredgraph.csv): NCBEILQ027S, GDP","FRED NCBEILQ027S (Z.1 nonfinancial corp equities market value, $M) / GDP ($B nominal SAAR) x100; quarterly; Fed Z.1 market-cap-to-GDP (Buffett Indicator); long-term valuation context, not investment advice"
2023-10-01,US,buffett_indicator,51749.4,28424.7,182.1,"FRED (fredgraph.csv): NCBEILQ027S, GDP","FRED NCBEILQ027S (Z.1 nonfinancial corp equities market value, $M) / GDP ($B nominal SAAR) x100; quarterly; Fed Z.1 market-cap-to-GDP (Buffett Indicator); long-term valuation context, not investment advice"
2024-01-01,US,buffett_indicator,56642.4,28708.2,197.3,"FRED (fredgraph.csv): NCBEILQ027S, GDP","FRED NCBEILQ027S (Z.1 nonfinancial corp equities market value, $M) / GDP ($B nominal SAAR) x100; quarterly; Fed Z.1 market-cap-to-GDP (Buffett Indicator); long-term valuation context, not investment advice"
2024-04-01,US,buffett_indicator,58188.0,29147.0,199.6,"FRED (fredgraph.csv): NCBEILQ027S, GDP","FRED NCBEILQ027S (Z.1 nonfinancial corp equities market value, $M) / GDP ($B nominal SAAR) x100; quarterly; Fed Z.1 market-cap-to-GDP (Buffett Indicator); long-term valuation context, not investment advice"
2024-07-01,US,buffett_indicator,61385.1,29511.7,208.0,"FRED (fredgraph.csv): NCBEILQ027S, GDP","FRED NCBEILQ027S (Z.1 nonfinancial corp equities market value, $M) / GDP ($B nominal SAAR) x100; quarterly; Fed Z.1 market-cap-to-GDP (Buffett Indicator); long-term valuation context, not investment advice"
2024-10-01,US,buffett_indicator,62735.9,29825.2,210.3,"FRED (fredgraph.csv): NCBEILQ027S, GDP","FRED NCBEILQ027S (Z.1 nonfinancial corp equities market value, $M) / GDP ($B nominal SAAR) x100; quarterly; Fed Z.1 market-cap-to-GDP (Buffett Indicator); long-term valuation context, not investment advice"
2025-01-01,US,buffett_indicator,58814.4,30042.1,195.8,"FRED (fredgraph.csv): NCBEILQ027S, GDP","FRED NCBEILQ027S (Z.1 nonfinancial corp equities market value, $M) / GDP ($B nominal SAAR) x100; quarterly; Fed Z.1 market-cap-to-GDP (Buffett Indicator); long-term valuation context, not investment advice"
2025-04-01,US,buffett_indicator,65209.7,30485.7,213.9,"FRED (fredgraph.csv): NCBEILQ027S, GDP","FRED NCBEILQ027S (Z.1 nonfinancial corp equities market value, $M) / GDP ($B nominal SAAR) x100; quarterly; Fed Z.1 market-cap-to-GDP (Buffett Indicator); long-term valuation context, not investment advice"
2025-07-01,US,buffett_indicator,71340.1,31098.0,229.4,"FRED (fredgraph.csv): NCBEILQ027S, GDP","FRED NCBEILQ027S (Z.1 nonfinancial corp equities market value, $M) / GDP ($B nominal SAAR) x100; quarterly; Fed Z.1 market-cap-to-GDP (Buffett Indicator); long-term valuation context, not investment advice"
2025-10-01,US,buffett_indicator,73132.7,31422.5,232.7,"FRED (fredgraph.csv): NCBEILQ027S, GDP","FRED NCBEILQ027S (Z.1 nonfinancial corp equities market value, $M) / GDP ($B nominal SAAR) x100; quarterly; Fed Z.1 market-cap-to-GDP (Buffett Indicator); long-term valuation context, not investment advice"
